queries/correct,queries/error,users,timestamp
645,14,659,2018-08-01 19:43:11
650,16,666,2018-08-01 19:45:24
637,11,648,2018-08-01 20:00:26
832,13,845,2018-08-01 20:15:24
876,13,889,2018-08-01 20:30:24
805,12,817,2018-08-01 20:45:24
729,8,737,2018-08-01 21:00:26
766,7,773,2018-08-01 21:15:24
758,4,762,2018-08-01 21:30:24
755,1,747,2018-08-01 21:45:23
643,8,651,2018-08-01 22:00:26
722,6,723,2018-08-01 22:15:24
698,8,706,2018-08-01 22:30:23
635,6,636,2018-08-01 22:45:24
593,7,600,2018-08-01 23:00:24
645,5,650,2018-08-01 23:15:24
548,3,551,2018-08-01 23:30:23
504,5,509,2018-08-01 23:45:24
398,3,401,2018-08-02 0:00:24
449,2,451,2018-08-02 0:15:24
396,4,400,2018-08-02 0:30:23
330,3,333,2018-08-02 0:45:23
279,4,283,2018-08-02 1:00:24
342,4,346,2018-08-02 1:15:23
309,5,314,2018-08-02 1:30:24
344,3,347,2018-08-02 1:45:23
306,4,310,2018-08-02 2:00:24
381,2,383,2018-08-02 2:15:24
328,2,330,2018-08-02 2:30:23
288,3,291,2018-08-02 2:45:23
265,2,267,2018-08-02 3:00:23
232,2,234,2018-08-02 3:15:23
204,2,206,2018-08-02 3:30:24
202,2,204,2018-08-02 3:45:23
202,1,197,2018-08-02 4:00:27
68,0,68,2018-08-02 4:15:23
43,0,42,2018-08-02 4:30:24
34,0,34,2018-08-02 4:45:23
32,0,32,2018-08-02 5:00:26
29,0,29,2018-08-02 5:15:23
38,0,29,2018-08-02 5:30:23
26,0,26,2018-08-02 5:45:23
26,0,26,2018-08-02 6:00:25
24,0,24,2018-08-02 6:15:23
22,0,22,2018-08-02 6:34:12
21,0,21,2018-08-02 6:45:23
30,0,30,2018-08-02 7:00:25
63,0,54,2018-08-02 7:15:24
52,0,52,2018-08-02 7:30:24
73,0,73,2018-08-02 7:45:24
69,0,69,2018-08-02 8:00:25
76,1,77,2018-08-02 8:15:24
128,1,127,2018-08-02 8:30:24
218,1,219,2018-08-02 8:45:25
181,0,181,2018-08-02 9:00:25
264,1,265,2018-08-02 9:15:24
404,4,408,2018-08-02 9:30:25
711,6,710,2018-08-02 9:45:24
654,9,663,2018-08-02 10:00:24
635,9,644,2018-08-02 10:15:24
640,9,649,2018-08-02 10:30:24
783,19,802,2018-08-02 10:45:24
606,18,624,2018-08-02 11:00:24
452,12,464,2018-08-02 11:15:24
421,10,431,2018-08-02 11:30:24
429,1,430,2018-08-02 11:45:24
319,3,322,2018-08-02 12:00:24
297,2,299,2018-08-02 12:15:25
308,2,310,2018-08-02 12:30:24
294,3,297,2018-08-02 12:45:24
268,4,272,2018-08-02 13:00:25
285,3,288,2018-08-02 13:15:24
308,4,302,2018-08-02 13:30:25
317,1,318,2018-08-02 13:45:24
272,0,272,2018-08-02 14:00:24
281,1,282,2018-08-02 14:15:24
315,2,317,2018-08-02 14:30:24
356,1,357,2018-08-02 14:45:24
332,4,336,2018-08-02 15:00:24
342,8,350,2018-08-02 15:15:24
336,6,342,2018-08-02 15:30:24
377,5,382,2018-08-02 15:45:24
340,2,342,2018-08-02 16:00:23
434,3,437,2018-08-02 16:15:24
368,7,375,2018-08-02 16:30:24
390,7,397,2018-08-02 16:45:24
350,6,356,2018-08-02 17:00:25
561,7,568,2018-08-02 17:15:24
484,3,487,2018-08-02 17:30:24
446,6,452,2018-08-02 17:45:24
401,3,404,2018-08-02 18:00:25
469,3,472,2018-08-02 18:15:23
475,5,478,2018-08-02 18:30:24
492,4,496,2018-08-02 18:45:23
452,6,452,2018-08-02 19:00:24
576,9,585,2018-08-02 19:15:24
579,9,588,2018-08-02 19:30:24
634,6,631,2018-08-02 19:45:23
628,4,632,2018-08-02 20:00:24
832,7,839,2018-08-02 20:15:25
842,12,854,2018-08-02 20:30:23
837,7,844,2018-08-02 20:45:24
730,5,735,2018-08-02 21:00:23
762,12,774,2018-08-02 21:15:24
712,15,727,2018-08-02 21:30:23
719,9,728,2018-08-02 21:45:23
700,5,705,2018-08-02 22:00:23
770,9,779,2018-08-02 22:15:23
695,8,703,2018-08-02 22:30:23
629,8,637,2018-08-02 22:45:23
576,8,584,2018-08-02 23:00:25
563,3,566,2018-08-02 23:15:23
551,3,554,2018-08-02 23:30:23
443,2,445,2018-08-02 23:45:23
390,5,395,2018-08-03 0:00:28
466,4,470,2018-08-03 0:15:23
373,1,374,2018-08-03 0:30:23
331,0,331,2018-08-03 0:45:23
307,4,311,2018-08-03 1:00:26
339,5,344,2018-08-03 1:15:23
304,3,307,2018-08-03 1:30:23
320,2,322,2018-08-03 1:45:23
398,2,392,2018-08-03 2:00:25
341,2,343,2018-08-03 2:15:23
336,5,333,2018-08-03 2:30:22
244,3,247,2018-08-03 2:45:23
201,4,205,2018-08-03 3:00:24
179,2,181,2018-08-03 3:15:22
168,1,169,2018-08-03 3:30:22
154,1,147,2018-08-03 3:45:23
159,2,161,2018-08-03 4:00:23
87,1,88,2018-08-03 4:15:22
70,1,71,2018-08-03 4:30:23
63,0,63,2018-08-03 4:45:23
55,0,55,2018-08-03 5:00:22
34,0,34,2018-08-03 5:15:23
25,0,25,2018-08-03 5:30:22
24,0,24,2018-08-03 5:45:23
23,0,23,2018-08-03 6:00:23
23,0,23,2018-08-03 6:15:22
22,0,22,2018-08-03 6:34:14
21,0,21,2018-08-03 6:45:23
27,0,27,2018-08-03 7:00:22
55,1,56,2018-08-03 7:15:24
62,1,63,2018-08-03 7:30:24
59,0,59,2018-08-03 7:45:24
61,0,61,2018-08-03 8:00:26
90,2,89,2018-08-03 8:15:24
110,1,111,2018-08-03 8:30:24
177,1,178,2018-08-03 8:45:24
162,0,162,2018-08-03 9:00:24
232,0,232,2018-08-03 9:15:24
372,7,379,2018-08-03 9:30:24
650,8,658,2018-08-03 9:45:24
589,5,594,2018-08-03 10:00:24
562,10,572,2018-08-03 10:15:24
593,16,609,2018-08-03 10:30:23
749,12,761,2018-08-03 10:45:25
557,9,566,2018-08-03 11:00:25
442,7,449,2018-08-03 11:15:24
387,8,395,2018-08-03 11:30:24
346,4,350,2018-08-03 11:45:24
285,3,288,2018-08-03 12:00:23
260,2,262,2018-08-03 12:15:24
293,1,294,2018-08-03 12:30:23
313,3,316,2018-08-03 12:45:23
292,1,293,2018-08-03 13:00:26
308,1,309,2018-08-03 13:15:23
288,3,291,2018-08-03 13:30:24
343,7,350,2018-08-03 13:45:24
302,2,304,2018-08-03 14:00:26
322,2,324,2018-08-03 14:15:23
351,3,354,2018-08-03 14:30:24
351,3,354,2018-08-03 14:45:23
352,5,357,2018-08-03 15:00:25
378,3,373,2018-08-03 15:15:24
383,3,386,2018-08-03 15:30:23
412,1,413,2018-08-03 15:45:24
390,4,394,2018-08-03 16:00:24
504,1,505,2018-08-03 16:15:23
501,4,505,2018-08-03 16:30:23
508,11,514,2018-08-03 16:45:24
447,9,456,2018-08-03 17:00:24
657,8,665,2018-08-03 17:15:24
586,6,592,2018-08-03 17:30:23
473,7,480,2018-08-03 17:45:24
434,6,440,2018-08-03 18:00:23
496,4,500,2018-08-03 18:15:23
505,4,509,2018-08-03 18:30:23
499,4,503,2018-08-03 18:45:23
463,6,469,2018-08-03 19:00:23
553,5,558,2018-08-03 19:15:23
536,7,543,2018-08-03 19:30:23
523,9,532,2018-08-03 19:45:23
500,6,506,2018-08-03 20:00:24
612,6,618,2018-08-03 20:15:23
551,6,557,2018-08-03 20:30:22
568,8,576,2018-08-03 20:45:23
522,3,525,2018-08-03 21:00:23
545,3,548,2018-08-03 21:15:23
557,6,563,2018-08-03 21:30:23
600,4,604,2018-08-03 21:45:23
526,2,528,2018-08-03 22:00:25
576,6,582,2018-08-03 22:15:22
549,4,553,2018-08-03 22:30:22
531,3,531,2018-08-03 22:45:23
467,7,474,2018-08-03 23:00:25
539,8,547,2018-08-03 23:15:23
476,3,479,2018-08-03 23:30:23
467,4,471,2018-08-03 23:45:23
498,2,500,2018-08-04 0:00:24
454,4,458,2018-08-04 0:15:23
377,2,373,2018-08-04 0:30:23
304,1,305,2018-08-04 0:45:22
282,3,285,2018-08-04 1:00:26
292,4,296,2018-08-04 1:15:22
301,5,306,2018-08-04 1:30:23
259,5,264,2018-08-04 1:45:22
277,4,281,2018-08-04 2:00:23
294,8,302,2018-08-04 2:15:23
280,3,283,2018-08-04 2:30:23
296,2,298,2018-08-04 2:45:22
283,4,287,2018-08-04 3:00:23
270,7,277,2018-08-04 3:15:23
236,6,242,2018-08-04 3:30:23
200,2,202,2018-08-04 3:45:22
179,0,179,2018-08-04 4:00:23
153,0,153,2018-08-04 4:15:23
149,1,150,2018-08-04 4:30:22
118,0,118,2018-08-04 4:45:22
140,1,141,2018-08-04 5:00:22
120,1,121,2018-08-04 5:15:22
115,0,115,2018-08-04 5:30:22
95,0,95,2018-08-04 5:45:22
60,0,60,2018-08-04 6:00:22
68,0,68,2018-08-04 6:15:22
78,0,72,2018-08-04 6:34:24
56,0,56,2018-08-04 6:45:22
73,0,65,2018-08-04 7:00:22
75,0,75,2018-08-04 7:15:24
77,0,77,2018-08-04 7:30:24
86,0,86,2018-08-04 7:45:23
80,2,82,2018-08-04 8:00:24
81,1,82,2018-08-04 8:15:24
106,1,107,2018-08-04 8:30:24
139,0,139,2018-08-04 8:45:23
89,0,89,2018-08-04 9:00:25
91,1,92,2018-08-04 9:15:23
110,1,111,2018-08-04 9:30:23
139,0,139,2018-08-04 9:45:23
97,0,97,2018-08-04 10:00:24
130,0,130,2018-08-04 10:15:24
149,1,150,2018-08-04 10:30:23
233,0,226,2018-08-04 10:45:23
185,1,186,2018-08-04 11:00:24
201,1,202,2018-08-04 11:15:23
217,3,220,2018-08-04 11:30:23
244,2,246,2018-08-04 11:45:24
209,2,211,2018-08-04 12:00:23
242,1,243,2018-08-04 12:15:24
260,2,262,2018-08-04 12:30:23
274,2,276,2018-08-04 12:45:23
256,3,259,2018-08-04 13:00:23
261,1,262,2018-08-04 13:15:23
294,2,296,2018-08-04 13:30:23
298,4,302,2018-08-04 13:45:23
283,2,285,2018-08-04 14:00:22
304,0,304,2018-08-04 14:15:23
269,2,271,2018-08-04 14:30:23
291,4,295,2018-08-04 14:45:23
265,1,266,2018-08-04 15:00:26
277,1,278,2018-08-04 15:15:23
295,2,297,2018-08-04 15:30:23
285,4,289,2018-08-04 15:45:23
268,4,272,2018-08-04 16:00:25
249,3,252,2018-08-04 16:15:23
255,3,258,2018-08-04 16:30:23
290,5,295,2018-08-04 16:45:22
260,2,259,2018-08-04 17:00:25
254,3,251,2018-08-04 17:15:22
276,2,278,2018-08-04 17:30:23
270,0,270,2018-08-04 17:45:23
270,1,271,2018-08-04 18:00:25
348,0,348,2018-08-04 18:15:22
349,2,341,2018-08-04 18:30:23
359,2,361,2018-08-04 18:45:22
341,0,338,2018-08-04 19:00:25
346,2,348,2018-08-04 19:15:22
293,2,295,2018-08-04 19:30:23
284,2,286,2018-08-04 19:45:22
303,4,307,2018-08-04 20:00:23
347,2,349,2018-08-04 20:15:22
315,3,318,2018-08-04 20:30:23
365,1,366,2018-08-04 20:45:22
346,1,347,2018-08-04 21:00:23
379,2,381,2018-08-04 21:15:22
434,2,436,2018-08-04 21:30:23
433,3,436,2018-08-04 21:45:22
357,4,361,2018-08-04 22:00:22
414,3,417,2018-08-04 22:15:23
453,5,458,2018-08-04 22:30:22
399,6,405,2018-08-04 22:45:22
393,4,397,2018-08-04 23:00:22
377,7,384,2018-08-04 23:15:23
380,2,382,2018-08-04 23:30:22
371,3,374,2018-08-04 23:45:22
342,1,343,2018-08-05 0:00:25
356,4,360,2018-08-05 0:15:22
320,2,322,2018-08-05 0:30:22
271,0,271,2018-08-05 0:45:21
249,0,249,2018-08-05 1:00:25
257,4,261,2018-08-05 1:15:22
257,4,261,2018-08-05 1:30:21
229,2,223,2018-08-05 1:45:23
226,2,228,2018-08-05 2:00:25
255,4,259,2018-08-05 2:15:22
254,4,258,2018-08-05 2:30:22
206,2,208,2018-08-05 2:45:22
233,4,227,2018-08-05 3:00:25
228,4,232,2018-08-05 3:15:22
182,2,184,2018-08-05 3:30:22
177,3,180,2018-08-05 3:45:21
133,2,135,2018-08-05 4:00:24
117,1,118,2018-08-05 4:15:22
119,0,119,2018-08-05 4:30:22
128,1,129,2018-08-05 4:45:21
116,1,117,2018-08-05 5:00:23
104,0,104,2018-08-05 5:15:21
96,0,96,2018-08-05 5:30:22
67,1,68,2018-08-05 5:45:22
65,1,66,2018-08-05 6:00:23
79,1,80,2018-08-05 6:15:22
64,1,65,2018-08-05 6:34:20
58,1,59,2018-08-05 6:45:22
54,0,54,2018-08-05 7:00:22
51,0,51,2018-08-05 7:15:23
69,0,69,2018-08-05 7:30:23
73,0,73,2018-08-05 7:45:23
56,0,56,2018-08-05 8:00:24
69,1,70,2018-08-05 8:15:24
76,1,75,2018-08-05 8:30:23
102,1,103,2018-08-05 8:45:26
77,0,77,2018-08-05 9:00:25
92,0,92,2018-08-05 9:15:23
96,2,98,2018-08-05 9:30:23
106,0,106,2018-08-05 9:45:23
84,0,84,2018-08-05 10:00:24
94,0,94,2018-08-05 10:15:23
113,1,114,2018-08-05 10:30:23
142,4,146,2018-08-05 10:45:23
118,2,120,2018-08-05 11:00:25
149,0,149,2018-08-05 11:15:23
165,1,166,2018-08-05 11:30:23
197,3,194,2018-08-05 11:45:23
170,2,172,2018-08-05 12:00:23
165,4,169,2018-08-05 12:15:23
201,5,206,2018-08-05 12:30:22
248,4,252,2018-08-05 12:45:23
231,4,232,2018-08-05 13:00:23
233,0,233,2018-08-05 13:15:23
250,1,251,2018-08-05 13:30:22
287,2,289,2018-08-05 13:45:23
259,1,260,2018-08-05 14:00:22
289,1,290,2018-08-05 14:15:22
239,4,243,2018-08-05 14:30:23
242,3,244,2018-08-05 14:45:22
232,0,232,2018-08-05 15:00:26
232,0,232,2018-08-05 15:15:22
274,6,279,2018-08-05 15:30:22
268,1,269,2018-08-05 15:45:23
243,4,247,2018-08-05 16:00:26
259,3,254,2018-08-05 16:15:22
252,4,256,2018-08-05 16:30:23
248,1,249,2018-08-05 16:45:22
238,5,243,2018-08-05 17:00:25
220,5,225,2018-08-05 17:15:22
242,6,248,2018-08-05 17:30:23
241,5,243,2018-08-05 17:45:22
216,3,219,2018-08-05 18:00:28
293,4,297,2018-08-05 18:15:22
323,5,328,2018-08-05 18:30:22
293,5,298,2018-08-05 18:45:22
301,4,305,2018-08-05 19:00:25
278,3,281,2018-08-05 19:15:22
332,1,333,2018-08-05 19:30:23
351,1,346,2018-08-05 19:45:22
316,0,316,2018-08-05 20:00:23
369,0,369,2018-08-05 20:15:22
312,4,316,2018-08-05 20:30:22
348,3,351,2018-08-05 20:45:22
347,1,348,2018-08-05 21:00:22
388,7,395,2018-08-05 21:15:22
395,6,401,2018-08-05 21:30:22
431,1,432,2018-08-05 21:45:22
415,4,419,2018-08-05 22:00:22
400,7,407,2018-08-05 22:15:22
402,8,410,2018-08-05 22:30:22
368,6,374,2018-08-05 22:45:22
392,5,397,2018-08-05 23:00:23
366,4,370,2018-08-05 23:15:21
352,5,357,2018-08-05 23:30:22
355,5,360,2018-08-05 23:45:21
300,4,304,2018-08-06 0:00:26
300,5,305,2018-08-06 0:15:22
303,2,305,2018-08-06 0:30:22
280,2,282,2018-08-06 0:45:22
217,2,219,2018-08-06 1:00:25
263,2,265,2018-08-06 1:15:21
245,3,248,2018-08-06 1:30:22
200,2,202,2018-08-06 1:45:22
184,0,184,2018-08-06 2:00:24
217,0,217,2018-08-06 2:15:22
196,0,196,2018-08-06 2:30:21
186,4,190,2018-08-06 2:45:21
165,2,167,2018-08-06 3:00:24
142,4,140,2018-08-06 3:15:21
105,2,107,2018-08-06 3:30:21
92,0,92,2018-08-06 3:45:25
62,0,62,2018-08-06 4:00:23
30,0,26,2018-08-06 4:15:22
18,0,18,2018-08-06 4:30:21
17,0,17,2018-08-06 4:45:21
14,0,14,2018-08-06 5:00:22
17,0,14,2018-08-06 5:15:21
13,0,13,2018-08-06 5:30:22
13,0,13,2018-08-06 5:45:21
12,0,12,2018-08-06 6:00:24
12,0,12,2018-08-06 6:15:21
12,0,12,2018-08-06 6:34:18
12,0,12,2018-08-06 6:45:21
18,0,14,2018-08-06 7:00:23
41,0,41,2018-08-06 7:15:23
51,0,51,2018-08-06 7:30:24
55,0,55,2018-08-06 7:45:23
47,0,47,2018-08-06 8:00:28
58,1,59,2018-08-06 8:15:24
114,1,115,2018-08-06 8:30:22
177,3,180,2018-08-06 8:45:23
120,0,120,2018-08-06 9:00:25
198,0,198,2018-08-06 9:15:23
311,5,316,2018-08-06 9:30:23
532,8,540,2018-08-06 9:45:23
493,8,501,2018-08-06 10:00:24
503,9,512,2018-08-06 10:15:23
546,13,559,2018-08-06 10:30:23
657,13,670,2018-08-06 10:45:23
539,13,552,2018-08-06 11:00:23
419,6,420,2018-08-06 11:15:23
349,11,360,2018-08-06 11:30:22
344,4,348,2018-08-06 11:45:23
277,7,284,2018-08-06 12:00:23
214,4,218,2018-08-06 12:15:22
237,4,241,2018-08-06 12:30:23
284,9,293,2018-08-06 12:45:22
234,7,241,2018-08-06 13:00:23
257,8,265,2018-08-06 13:15:23
250,10,260,2018-08-06 13:30:22
274,10,284,2018-08-06 13:45:22
238,6,244,2018-08-06 14:00:27
255,5,260,2018-08-06 14:15:22
260,8,268,2018-08-06 14:30:22
285,6,291,2018-08-06 14:45:23
280,8,284,2018-08-06 15:00:23
310,10,320,2018-08-06 15:15:22
301,9,310,2018-08-06 15:30:22
333,5,338,2018-08-06 15:45:23
285,6,291,2018-08-06 16:00:22
368,9,377,2018-08-06 16:15:22
344,11,355,2018-08-06 16:30:22
377,10,387,2018-08-06 16:45:22
293,9,302,2018-08-06 17:00:22
538,16,554,2018-08-06 17:15:22
382,15,397,2018-08-06 17:30:22
357,12,369,2018-08-06 17:45:22
349,10,357,2018-08-06 18:00:23
426,9,435,2018-08-06 18:15:22
392,8,392,2018-08-06 18:30:22
392,9,401,2018-08-06 18:45:22
380,13,393,2018-08-06 19:00:22
490,14,504,2018-08-06 19:15:22
515,6,521,2018-08-06 19:30:22
534,11,545,2018-08-06 19:45:22
544,10,554,2018-08-06 20:00:25
744,10,754,2018-08-06 20:15:22
690,9,699,2018-08-06 20:30:21
680,12,692,2018-08-06 20:45:21
626,5,631,2018-08-06 21:00:25
598,6,604,2018-08-06 21:15:21
569,10,579,2018-08-06 21:30:22
600,9,609,2018-08-06 21:45:22
487,9,496,2018-08-06 22:00:25
560,9,569,2018-08-06 22:15:21
544,8,552,2018-08-06 22:30:22
498,7,505,2018-08-06 22:45:22
457,5,462,2018-08-06 23:00:26
449,8,457,2018-08-06 23:15:21
415,2,417,2018-08-06 23:30:21
420,3,423,2018-08-06 23:45:21
335,3,338,2018-08-07 0:00:23
376,7,383,2018-08-07 0:15:23
324,3,327,2018-08-07 0:30:21
285,4,289,2018-08-07 0:45:21
228,6,234,2018-08-07 1:00:23
221,4,225,2018-08-07 1:15:22
226,5,222,2018-08-07 1:30:22
208,3,211,2018-08-07 1:45:21
178,3,181,2018-08-07 2:00:22
237,5,238,2018-08-07 2:15:21
180,7,187,2018-08-07 2:30:22
180,6,186,2018-08-07 2:45:22
174,3,177,2018-08-07 3:00:21
144,4,148,2018-08-07 3:15:21
137,5,142,2018-08-07 3:30:22
119,4,123,2018-08-07 3:45:21
105,3,108,2018-08-07 4:00:21
48,2,50,2018-08-07 4:15:21
32,2,34,2018-08-07 4:30:21
27,2,29,2018-08-07 4:45:20
26,2,28,2018-08-07 5:00:24
23,2,25,2018-08-07 5:15:21
23,2,25,2018-08-07 5:30:21
22,2,24,2018-08-07 5:45:20
19,2,21,2018-08-07 6:00:24
27,2,21,2018-08-07 6:15:21
19,2,21,2018-08-07 6:34:15
19,2,21,2018-08-07 6:45:20
22,2,24,2018-08-07 7:00:21
42,2,44,2018-08-07 7:15:23
57,2,52,2018-08-07 7:30:23
66,2,68,2018-08-07 7:45:23
53,2,55,2018-08-07 8:00:24
72,2,74,2018-08-07 8:15:22
117,3,120,2018-08-07 8:30:22
172,5,177,2018-08-07 8:45:23
145,2,140,2018-08-07 9:00:26
211,3,212,2018-08-07 9:15:22
331,6,337,2018-08-07 9:30:23
633,6,639,2018-08-07 9:45:23
579,8,587,2018-08-07 10:00:24
545,10,555,2018-08-07 10:15:22
598,12,610,2018-08-07 10:30:22
702,18,720,2018-08-07 10:45:22
544,14,558,2018-08-07 11:00:26
472,9,481,2018-08-07 11:15:22
374,9,383,2018-08-07 11:30:22
399,7,406,2018-08-07 11:45:22
329,5,334,2018-08-07 12:00:23
261,2,263,2018-08-07 12:15:22
264,3,267,2018-08-07 12:30:22
287,3,290,2018-08-07 12:45:22
262,2,264,2018-08-07 13:00:23
261,4,265,2018-08-07 13:15:22
288,4,292,2018-08-07 13:30:22
318,2,313,2018-08-07 13:45:22
285,2,287,2018-08-07 14:00:27
270,4,274,2018-08-07 14:15:22
259,3,262,2018-08-07 14:30:22
273,3,276,2018-08-07 14:45:22
238,5,243,2018-08-07 15:00:24
318,10,328,2018-08-07 15:15:22
295,5,300,2018-08-07 15:30:22
318,2,320,2018-08-07 15:45:21
327,1,328,2018-08-07 16:00:24
386,7,393,2018-08-07 16:15:22
362,8,370,2018-08-07 16:30:22
361,6,367,2018-08-07 16:45:22
343,4,347,2018-08-07 17:00:24
520,8,528,2018-08-07 17:15:22
434,4,437,2018-08-07 17:30:22
429,2,430,2018-08-07 17:45:21
374,5,379,2018-08-07 18:00:23
419,5,424,2018-08-07 18:15:21
415,4,411,2018-08-07 18:30:21
419,9,428,2018-08-07 18:45:21
414,6,420,2018-08-07 19:00:22
526,5,531,2018-08-07 19:15:21
498,8,504,2018-08-07 19:30:22
581,5,586,2018-08-07 19:45:22
574,6,580,2018-08-07 20:00:21
800,17,808,2018-08-07 20:15:21
735,9,744,2018-08-07 20:30:21
681,8,689,2018-08-07 20:45:21
650,5,655,2018-08-07 21:00:22
661,7,668,2018-08-07 21:15:21
657,7,657,2018-08-07 21:30:21
673,7,680,2018-08-07 21:45:21
556,10,566,2018-08-07 22:00:21
575,10,585,2018-08-07 22:15:21
576,6,582,2018-08-07 22:30:21
522,5,527,2018-08-07 22:45:21
493,7,499,2018-08-07 23:00:25
493,5,498,2018-08-07 23:15:21
446,11,457,2018-08-07 23:30:21
392,11,403,2018-08-07 23:45:20
367,4,371,2018-08-08 0:00:24
376,1,377,2018-08-08 0:15:21
311,2,313,2018-08-08 0:30:21
287,2,289,2018-08-08 0:45:22
250,6,256,2018-08-08 1:00:23
293,9,296,2018-08-08 1:15:21
276,7,283,2018-08-08 1:30:21
255,2,257,2018-08-08 1:45:20
249,1,250,2018-08-08 2:00:21
260,1,261,2018-08-08 2:15:20
233,4,237,2018-08-08 2:30:21
194,3,197,2018-08-08 2:45:20
188,0,188,2018-08-08 3:00:22
197,2,199,2018-08-08 3:15:20
162,1,163,2018-08-08 3:30:21
145,1,146,2018-08-08 3:45:20
126,0,126,2018-08-08 4:00:21
60,0,60,2018-08-08 4:15:21
49,0,46,2018-08-08 4:30:20
50,0,44,2018-08-08 4:45:21
40,0,40,2018-08-08 5:00:20
38,0,38,2018-08-08 5:15:20
37,0,37,2018-08-08 5:30:20
36,0,36,2018-08-08 5:45:21
29,0,29,2018-08-08 6:00:20
38,0,29,2018-08-08 6:15:21
28,0,28,2018-08-08 6:34:14
28,0,28,2018-08-08 6:45:20
31,0,31,2018-08-08 7:00:20
60,0,60,2018-08-08 7:15:21
60,0,60,2018-08-08 7:30:22
72,0,72,2018-08-08 7:45:22
66,1,67,2018-08-08 8:00:23
93,2,95,2018-08-08 8:15:22
130,0,130,2018-08-08 8:30:22
199,2,201,2018-08-08 8:45:22
166,1,167,2018-08-08 9:00:22
219,2,221,2018-08-08 9:15:23
339,5,344,2018-08-08 9:30:22
606,5,611,2018-08-08 9:45:22
540,5,545,2018-08-08 10:00:25
522,9,531,2018-08-08 10:15:22
548,11,559,2018-08-08 10:30:22
664,17,681,2018-08-08 10:45:21
517,14,523,2018-08-08 11:00:22
447,3,450,2018-08-08 11:15:21
423,8,431,2018-08-08 11:30:22
392,5,393,2018-08-08 11:45:22
286,6,292,2018-08-08 12:00:26
288,3,284,2018-08-08 12:15:21
277,2,279,2018-08-08 12:30:21
275,2,277,2018-08-08 12:45:22
271,2,273,2018-08-08 13:00:24
266,5,271,2018-08-08 13:15:22
275,3,278,2018-08-08 13:30:21
349,5,354,2018-08-08 13:45:22
292,6,298,2018-08-08 14:00:21
270,4,274,2018-08-08 14:15:22
282,5,285,2018-08-08 14:30:21
281,3,284,2018-08-08 14:45:21
296,5,301,2018-08-08 15:00:24
342,7,349,2018-08-08 15:15:21
361,6,367,2018-08-08 15:30:21
352,3,355,2018-08-08 15:45:22
341,3,344,2018-08-08 16:00:25
429,6,435,2018-08-08 16:15:21
359,6,365,2018-08-08 16:30:21
412,5,417,2018-08-08 16:45:21
334,3,327,2018-08-08 17:00:24
537,6,543,2018-08-08 17:15:21
471,8,479,2018-08-08 17:30:22
418,6,424,2018-08-08 17:45:21
377,7,384,2018-08-08 18:00:23
424,10,434,2018-08-08 18:15:22
435,9,444,2018-08-08 18:30:21
446,8,454,2018-08-08 18:45:20
432,9,441,2018-08-08 19:00:23
478,9,487,2018-08-08 19:15:21
516,9,525,2018-08-08 19:30:21
546,8,554,2018-08-08 19:45:21
540,10,550,2018-08-08 20:00:20
742,15,757,2018-08-08 20:15:21
725,9,734,2018-08-08 20:30:20
699,6,704,2018-08-08 20:45:21
636,10,646,2018-08-08 21:00:24
669,13,682,2018-08-08 21:15:21
646,11,657,2018-08-08 21:30:21
666,12,678,2018-08-08 21:45:22
585,13,598,2018-08-08 22:00:24
588,12,600,2018-08-08 22:15:21
538,11,549,2018-08-08 22:30:21
526,18,544,2018-08-08 22:45:21
467,13,480,2018-08-08 23:00:23
345,12,357,2018-08-08 23:15:21
384,10,394,2018-08-08 23:30:20
327,7,334,2018-08-08 23:45:21
332,9,341,2018-08-09 0:00:23
337,8,345,2018-08-09 0:15:21
333,7,340,2018-08-09 0:30:21
282,5,287,2018-08-09 0:45:20
242,10,252,2018-08-09 1:00:22
270,11,281,2018-08-09 1:15:20
253,10,263,2018-08-09 1:30:20
278,8,286,2018-08-09 1:45:21
286,7,293,2018-08-09 2:00:21
295,6,301,2018-08-09 2:15:20
240,8,248,2018-08-09 2:30:20
218,7,225,2018-08-09 2:45:21
191,5,196,2018-08-09 3:00:20
153,7,160,2018-08-09 3:15:21
121,9,130,2018-08-09 3:30:20
97,5,102,2018-08-09 3:45:21
103,9,112,2018-08-09 4:00:20
39,9,48,2018-08-09 4:15:20
32,7,33,2018-08-09 4:30:20
21,2,23,2018-08-09 4:45:21
17,2,19,2018-08-09 5:00:25
17,0,17,2018-08-09 5:15:21
15,0,15,2018-08-09 5:30:20
20,0,14,2018-08-09 5:45:20
14,0,14,2018-08-09 6:00:24
14,0,14,2018-08-09 6:15:20
14,0,14,2018-08-09 6:34:17
14,0,14,2018-08-09 6:45:20
20,0,20,2018-08-09 7:00:24
53,0,44,2018-08-09 7:15:22
41,0,41,2018-08-09 7:30:21
64,0,64,2018-08-09 7:45:22
68,0,68,2018-08-09 8:00:23
77,3,77,2018-08-09 8:15:22
93,0,93,2018-08-09 8:30:21
163,2,165,2018-08-09 8:45:22
138,0,138,2018-08-09 9:00:23
204,2,206,2018-08-09 9:15:22
303,4,307,2018-08-09 9:30:21
543,5,548,2018-08-09 9:45:23
499,8,501,2018-08-09 10:00:22
475,8,483,2018-08-09 10:15:22
536,12,548,2018-08-09 10:30:21
649,9,658,2018-08-09 10:45:22
496,12,498,2018-08-09 11:00:21
313,8,321,2018-08-09 11:15:21
256,9,265,2018-08-09 11:30:22
316,5,321,2018-08-09 11:45:21
224,6,230,2018-08-09 12:00:21
197,4,201,2018-08-09 12:15:21
205,5,209,2018-08-09 12:30:22
202,5,207,2018-08-09 12:45:21
211,5,216,2018-08-09 13:00:21
218,4,222,2018-08-09 13:15:21
240,4,244,2018-08-09 13:30:21
288,5,283,2018-08-09 13:45:21
276,5,281,2018-08-09 14:00:24
291,4,295,2018-08-09 14:15:20
260,6,266,2018-08-09 14:30:21
265,7,272,2018-08-09 14:45:21
265,5,268,2018-08-09 15:00:24
321,7,328,2018-08-09 15:15:20
299,6,305,2018-08-09 15:30:21
327,7,334,2018-08-09 15:45:21
326,6,332,2018-08-09 16:00:23
374,5,379,2018-08-09 16:15:21
362,5,367,2018-08-09 16:30:21
415,6,419,2018-08-09 16:45:21
362,4,366,2018-08-09 17:00:23
578,11,589,2018-08-09 17:15:21
454,9,463,2018-08-09 17:30:20
439,7,446,2018-08-09 17:45:20
377,2,379,2018-08-09 18:00:22
435,1,436,2018-08-09 18:15:21
475,3,478,2018-08-09 18:30:21
401,3,403,2018-08-09 18:45:21
230,3,233,2018-08-09 19:00:22
271,2,273,2018-08-09 19:15:21
269,0,269,2018-08-09 19:30:20
364,3,367,2018-08-09 19:45:21
387,4,391,2018-08-09 20:00:20
603,12,615,2018-08-09 20:15:21
560,8,568,2018-08-09 20:30:20
513,4,513,2018-08-09 20:45:20
532,4,536,2018-08-09 21:00:20
567,12,579,2018-08-09 21:15:21
506,12,518,2018-08-09 21:30:20
547,8,555,2018-08-09 21:45:21
494,5,499,2018-08-09 22:00:20
543,8,551,2018-08-09 22:15:20
483,7,490,2018-08-09 22:30:20
476,7,483,2018-08-09 22:45:20
395,7,402,2018-08-09 23:00:25
424,5,429,2018-08-09 23:15:20
391,5,396,2018-08-09 23:30:21
328,7,335,2018-08-09 23:45:20
304,6,310,2018-08-10 0:00:25
287,4,291,2018-08-10 0:15:20
251,1,252,2018-08-10 0:30:20
251,3,254,2018-08-10 0:45:20
210,1,211,2018-08-10 1:00:23
259,5,264,2018-08-10 1:15:20
264,2,266,2018-08-10 1:30:20
251,2,250,2018-08-10 1:45:20
231,2,233,2018-08-10 2:00:20
236,3,239,2018-08-10 2:15:20
203,5,208,2018-08-10 2:30:20
178,7,185,2018-08-10 2:45:19
176,2,178,2018-08-10 3:00:20
154,4,158,2018-08-10 3:15:20
145,4,149,2018-08-10 3:30:21
117,4,114,2018-08-10 3:45:42
98,3,99,2018-08-10 4:00:19
67,1,68,2018-08-10 4:15:20
57,2,59,2018-08-10 4:45:20
72,0,66,2018-08-10 5:00:20
36,0,29,2018-08-10 5:15:19
24,0,24,2018-08-10 5:30:20
23,0,23,2018-08-10 5:45:19
22,0,22,2018-08-10 6:00:23
22,0,22,2018-08-10 6:15:20
20,0,20,2018-08-10 6:34:12
30,0,20,2018-08-10 6:45:19
24,1,25,2018-08-10 7:00:19
53,0,53,2018-08-10 7:15:21
48,0,48,2018-08-10 7:30:21
58,0,58,2018-08-10 7:45:21
57,0,57,2018-08-10 8:00:25
93,1,94,2018-08-10 8:15:21
119,2,111,2018-08-10 8:30:21
150,2,152,2018-08-10 8:45:21
150,0,150,2018-08-10 9:00:21
190,1,191,2018-08-10 9:15:21
294,1,295,2018-08-10 9:30:22
539,4,543,2018-08-10 9:45:21
498,4,502,2018-08-10 10:00:21
461,7,468,2018-08-10 10:15:21
508,11,519,2018-08-10 10:30:21
598,12,610,2018-08-10 10:45:21
479,6,485,2018-08-10 11:00:21
410,5,415,2018-08-10 11:15:21
346,4,350,2018-08-10 11:30:20
344,5,349,2018-08-10 11:45:21
255,1,256,2018-08-10 12:00:22
260,2,254,2018-08-10 12:15:21
268,1,269,2018-08-10 12:30:20
260,1,261,2018-08-10 12:45:21
250,1,251,2018-08-10 13:00:21
288,3,291,2018-08-10 13:15:20
254,2,256,2018-08-10 13:30:21
303,4,307,2018-08-10 13:45:20
306,3,309,2018-08-10 14:00:21
298,2,300,2018-08-10 14:15:20
313,2,315,2018-08-10 14:30:21
323,3,326,2018-08-10 14:45:20
313,6,319,2018-08-10 15:00:21
394,2,396,2018-08-10 15:15:21
353,2,355,2018-08-10 15:30:21
395,1,396,2018-08-10 15:45:21
354,4,358,2018-08-10 16:00:20
496,3,499,2018-08-10 16:15:21
461,6,467,2018-08-10 16:30:20
473,5,478,2018-08-10 16:45:20
414,4,418,2018-08-10 17:00:20
673,5,678,2018-08-10 17:15:20
560,3,559,2018-08-10 17:30:20
496,5,501,2018-08-10 17:45:21
450,1,451,2018-08-10 18:00:20
578,2,580,2018-08-10 18:15:21
557,3,553,2018-08-10 18:30:20
519,6,525,2018-08-10 18:45:20
498,3,501,2018-08-10 19:00:20
534,5,539,2018-08-10 19:15:20
491,5,496,2018-08-10 19:30:20
507,5,512,2018-08-10 19:45:20
486,7,493,2018-08-10 20:00:21
552,8,560,2018-08-10 20:15:20
565,8,573,2018-08-10 20:30:20
553,5,558,2018-08-10 20:45:20
489,11,500,2018-08-10 21:00:19
499,11,510,2018-08-10 21:15:20
521,9,530,2018-08-10 21:30:20
559,6,556,2018-08-10 21:45:20
505,9,514,2018-08-10 22:00:20
587,8,595,2018-08-10 22:15:20
516,3,519,2018-08-10 22:30:19
482,3,485,2018-08-10 22:45:20
457,2,459,2018-08-10 23:00:20
439,3,442,2018-08-10 23:15:20
418,2,420,2018-08-10 23:30:20
378,3,381,2018-08-10 23:45:19
327,5,332,2018-08-11 0:00:20
346,6,352,2018-08-11 0:15:19
339,5,344,2018-08-11 0:30:20
275,3,278,2018-08-11 0:45:19
278,5,283,2018-08-11 1:00:20
271,6,277,2018-08-11 1:15:19
251,5,256,2018-08-11 1:30:20
256,6,262,2018-08-11 1:45:19
237,4,241,2018-08-11 2:00:19
277,2,279,2018-08-11 2:15:19
270,5,265,2018-08-11 2:30:20
263,2,265,2018-08-11 2:45:19
207,2,209,2018-08-11 3:00:20
204,4,208,2018-08-11 3:15:19
189,2,191,2018-08-11 3:30:20
154,4,158,2018-08-11 3:45:19
162,3,165,2018-08-11 4:00:20
146,7,153,2018-08-11 4:15:19
117,2,119,2018-08-11 4:30:20
144,1,145,2018-08-11 4:45:19
122,2,124,2018-08-11 5:00:23
143,3,146,2018-08-11 5:15:19
141,2,143,2018-08-11 5:30:19
125,2,127,2018-08-11 5:45:19
138,2,140,2018-08-11 6:00:21
111,1,112,2018-08-11 6:15:19
86,2,88,2018-08-11 6:34:16
71,1,72,2018-08-11 6:45:19
62,1,63,2018-08-11 7:00:19
54,1,55,2018-08-11 7:15:21
64,3,67,2018-08-11 7:30:20
78,2,80,2018-08-11 7:45:21
75,1,76,2018-08-11 8:00:21
82,1,83,2018-08-11 8:15:21
113,2,115,2018-08-11 8:30:20
116,2,118,2018-08-11 8:45:21
94,1,95,2018-08-11 9:00:20
89,1,90,2018-08-11 9:15:21
95,1,96,2018-08-11 9:30:20
120,2,122,2018-08-11 9:45:21
85,1,84,2018-08-11 10:00:20
100,1,101,2018-08-11 10:15:21
126,3,129,2018-08-11 10:30:20
193,2,191,2018-08-11 10:45:21
133,2,135,2018-08-11 11:00:23
176,4,171,2018-08-11 11:15:21
176,3,179,2018-08-11 11:30:20
233,2,235,2018-08-11 11:45:21
175,5,180,2018-08-11 12:00:22
194,1,195,2018-08-11 12:15:21
209,1,210,2018-08-11 12:30:20
304,5,309,2018-08-11 12:45:21
248,6,254,2018-08-11 13:00:22
259,4,263,2018-08-11 13:15:20
285,3,288,2018-08-11 13:30:20
283,9,292,2018-08-11 13:45:21
266,4,270,2018-08-11 14:00:20
283,3,286,2018-08-11 14:15:21
303,3,306,2018-08-11 14:30:20
292,1,293,2018-08-11 14:45:20
289,2,291,2018-08-11 15:00:20
325,2,327,2018-08-11 15:15:20
312,1,313,2018-08-11 15:30:20
344,2,346,2018-08-11 15:45:20
329,4,333,2018-08-11 16:00:20
324,4,328,2018-08-11 16:15:21
330,2,322,2018-08-11 16:30:19
291,7,298,2018-08-11 16:45:20
295,2,297,2018-08-11 17:00:20
317,4,321,2018-08-11 17:15:20
300,1,301,2018-08-11 17:30:19
318,0,315,2018-08-11 17:45:20
298,0,298,2018-08-11 18:00:20
361,0,361,2018-08-11 18:15:21
367,7,374,2018-08-11 18:30:19
332,6,338,2018-08-11 18:45:20
305,4,309,2018-08-11 19:00:20
321,6,327,2018-08-11 19:15:20
354,7,361,2018-08-11 19:30:19
341,4,345,2018-08-11 19:45:19
344,3,347,2018-08-11 20:00:22
349,7,356,2018-08-11 20:15:20
385,6,391,2018-08-11 20:30:19
373,5,376,2018-08-11 20:45:20
378,2,380,2018-08-11 21:00:21
397,0,397,2018-08-11 21:15:20
424,2,426,2018-08-11 21:30:19
401,3,404,2018-08-11 21:45:20
394,1,395,2018-08-11 22:00:19
466,4,470,2018-08-11 22:15:19
423,2,425,2018-08-11 22:30:19
400,3,403,2018-08-11 22:45:19
394,4,389,2018-08-11 23:00:21
391,0,391,2018-08-11 23:15:19
313,0,313,2018-08-11 23:30:20
339,2,341,2018-08-11 23:45:19
334,4,338,2018-08-12 0:00:21
337,4,341,2018-08-12 0:15:19
299,2,297,2018-08-12 0:30:20
248,2,250,2018-08-12 0:45:19
230,3,233,2018-08-12 1:00:19
261,4,265,2018-08-12 1:15:19
260,3,263,2018-08-12 1:30:19
237,2,239,2018-08-12 1:45:19
248,0,248,2018-08-12 2:00:19
269,0,269,2018-08-12 2:15:19
261,2,263,2018-08-12 2:30:19
242,3,245,2018-08-12 2:45:19
210,3,213,2018-08-12 3:00:20
171,1,172,2018-08-12 3:15:21
155,1,156,2018-08-12 3:30:19
148,1,149,2018-08-12 3:45:19
132,3,135,2018-08-12 4:00:20
126,0,126,2018-08-12 4:15:18
117,1,118,2018-08-12 4:30:19
100,2,102,2018-08-12 4:45:19
109,2,111,2018-08-12 5:00:19
127,2,129,2018-08-12 5:15:18
116,0,112,2018-08-12 5:30:19
116,0,116,2018-08-12 5:45:19
91,0,91,2018-08-12 6:00:20
94,0,94,2018-08-12 6:15:19
88,1,89,2018-08-12 6:34:15
77,0,77,2018-08-12 6:45:19
59,1,60,2018-08-12 7:00:18
77,0,77,2018-08-12 7:15:21
73,2,75,2018-08-12 7:30:20
77,2,79,2018-08-12 7:45:20
57,0,55,2018-08-12 8:00:20
69,1,70,2018-08-12 8:15:21
93,0,93,2018-08-12 8:30:20
101,0,101,2018-08-12 8:45:20
84,1,75,2018-08-12 9:00:20
80,1,81,2018-08-12 9:15:20
99,1,100,2018-08-12 9:30:20
94,1,95,2018-08-12 9:45:20
91,1,92,2018-08-12 10:00:24
88,0,88,2018-08-12 10:15:20
114,1,115,2018-08-12 10:30:20
145,1,146,2018-08-12 10:45:20
95,0,95,2018-08-12 11:00:23
100,0,100,2018-08-12 11:15:20
145,4,149,2018-08-12 11:30:20
178,2,180,2018-08-12 11:45:20
135,2,137,2018-08-12 12:00:21
153,1,154,2018-08-12 12:15:19
167,0,167,2018-08-12 12:30:20
169,1,170,2018-08-12 12:45:20
166,1,167,2018-08-12 13:00:20
194,0,193,2018-08-12 13:15:20
232,1,233,2018-08-12 13:30:20
246,4,250,2018-08-12 13:45:20
231,1,232,2018-08-12 14:00:19
229,0,229,2018-08-12 14:15:20
243,0,243,2018-08-12 14:30:19
251,0,248,2018-08-12 14:45:20
269,0,269,2018-08-12 15:00:19
223,2,225,2018-08-12 15:15:20
230,1,231,2018-08-12 15:30:19
258,3,261,2018-08-12 15:45:19
265,2,261,2018-08-12 16:00:19
288,2,290,2018-08-12 16:15:19
251,4,255,2018-08-12 16:30:20
239,1,240,2018-08-12 16:45:19
229,2,231,2018-08-12 17:00:20
234,2,236,2018-08-12 17:15:19
284,0,284,2018-08-12 17:30:20
257,2,259,2018-08-12 17:45:19
243,2,245,2018-08-12 18:00:22
324,1,319,2018-08-12 18:15:19
306,0,306,2018-08-12 18:30:19
310,3,304,2018-08-12 18:45:19
327,3,330,2018-08-12 19:00:21
307,2,309,2018-08-12 19:15:20
335,1,336,2018-08-12 19:30:19
306,3,301,2018-08-12 19:45:19
296,4,300,2018-08-12 20:00:23
329,3,332,2018-08-12 20:15:19
304,7,311,2018-08-12 20:30:19
354,7,361,2018-08-12 20:45:19
317,7,324,2018-08-12 21:00:21
395,3,398,2018-08-12 21:15:19
463,1,464,2018-08-12 21:30:20
410,1,411,2018-08-12 21:45:19
393,2,395,2018-08-12 22:00:19
352,5,357,2018-08-12 22:15:19
329,10,336,2018-08-12 22:30:19
329,11,340,2018-08-12 22:45:19
285,6,291,2018-08-12 23:00:19
296,4,300,2018-08-12 23:15:19
287,3,290,2018-08-12 23:30:19
292,5,297,2018-08-12 23:45:18
292,2,294,2018-08-13 0:00:19
258,2,251,2018-08-13 0:15:18
231,1,232,2018-08-13 0:30:19
200,3,203,2018-08-13 0:45:18
179,3,182,2018-08-13 1:00:19
208,5,213,2018-08-13 1:15:18
205,3,208,2018-08-13 1:30:18
175,2,177,2018-08-13 1:45:19
186,1,179,2018-08-13 2:00:22
238,1,239,2018-08-13 2:15:18
217,2,219,2018-08-13 2:30:19
165,1,156,2018-08-13 2:45:18
142,2,144,2018-08-13 3:00:21
122,2,124,2018-08-13 3:15:18
96,5,101,2018-08-13 3:30:19
99,0,99,2018-08-13 3:45:18
86,0,86,2018-08-13 4:00:21
33,0,33,2018-08-13 4:15:18
18,0,18,2018-08-13 4:30:19
17,0,17,2018-08-13 4:45:18
16,0,16,2018-08-13 5:00:20
15,0,15,2018-08-13 5:15:18
15,0,15,2018-08-13 5:30:18
15,0,15,2018-08-13 5:45:18
15,0,15,2018-08-13 6:00:18
15,0,15,2018-08-13 6:15:18
15,0,15,2018-08-13 6:34:16
15,0,15,2018-08-13 6:45:19
16,0,16,2018-08-13 7:00:18
39,0,39,2018-08-13 7:15:20
38,0,38,2018-08-13 7:30:20
54,0,54,2018-08-13 7:45:20
47,1,48,2018-08-13 8:00:20
68,0,68,2018-08-13 8:15:20
97,1,98,2018-08-13 8:30:20
161,1,162,2018-08-13 8:45:20
127,0,125,2018-08-13 9:00:22
171,1,172,2018-08-13 9:15:19
296,1,297,2018-08-13 9:30:20
477,4,481,2018-08-13 9:45:19
373,3,376,2018-08-13 10:00:21
407,6,413,2018-08-13 10:15:19
497,5,502,2018-08-13 10:30:20
556,10,566,2018-08-13 10:45:19
440,12,452,2018-08-13 11:00:20
323,4,327,2018-08-13 11:15:19
300,3,303,2018-08-13 11:30:20
297,1,298,2018-08-13 11:45:19
242,6,248,2018-08-13 12:00:19
229,5,234,2018-08-13 12:15:19
214,1,215,2018-08-13 12:30:20
264,0,264,2018-08-13 12:45:19
226,0,226,2018-08-13 13:00:20
241,0,241,2018-08-13 13:15:19
248,2,250,2018-08-13 13:30:20
256,4,260,2018-08-13 13:45:19
276,2,269,2018-08-13 14:00:19
276,2,278,2018-08-13 14:15:19
285,2,287,2018-08-13 14:30:19
291,3,294,2018-08-13 14:45:19
288,7,295,2018-08-13 15:00:19
335,11,346,2018-08-13 15:15:19
315,2,317,2018-08-13 15:30:19
345,2,347,2018-08-13 15:45:19
326,1,327,2018-08-13 16:00:22
395,1,396,2018-08-13 16:15:19
329,4,333,2018-08-13 16:30:19
350,5,355,2018-08-13 16:45:19
312,2,314,2018-08-13 17:00:22
487,7,494,2018-08-13 17:15:19
424,5,429,2018-08-13 17:30:18
428,6,434,2018-08-13 17:45:19
345,5,348,2018-08-13 18:00:21
398,12,410,2018-08-13 18:15:19
401,5,406,2018-08-13 18:30:19
382,4,386,2018-08-13 18:45:19
379,3,382,2018-08-13 19:00:19
528,5,533,2018-08-13 19:15:19
470,3,473,2018-08-13 19:30:19
532,6,538,2018-08-13 19:45:19
543,8,551,2018-08-13 20:00:18
696,10,706,2018-08-13 20:15:19
673,3,676,2018-08-13 20:30:18
608,4,612,2018-08-13 20:45:19
527,1,528,2018-08-13 21:00:18
595,4,599,2018-08-13 21:15:19
549,8,552,2018-08-13 21:30:18
531,8,539,2018-08-13 21:45:19
495,4,499,2018-08-13 22:00:18
533,3,536,2018-08-13 22:15:19
455,2,457,2018-08-13 22:30:18
429,1,430,2018-08-13 22:45:19
395,2,397,2018-08-13 23:00:18
402,6,408,2018-08-13 23:15:19
386,1,387,2018-08-13 23:30:18
355,0,355,2018-08-13 23:45:19
305,1,306,2018-08-14 0:00:19
323,5,328,2018-08-14 0:15:18
290,1,291,2018-08-14 0:30:18
207,3,210,2018-08-14 0:45:18
182,4,186,2018-08-14 1:00:22
218,1,211,2018-08-14 1:15:18
199,5,204,2018-08-14 1:30:18
175,2,177,2018-08-14 1:45:19
167,3,170,2018-08-14 2:00:18
196,0,196,2018-08-14 2:15:18
156,3,159,2018-08-14 2:30:19
142,1,143,2018-08-14 2:45:18
169,1,170,2018-08-14 3:00:19
127,2,129,2018-08-14 3:15:18
114,0,114,2018-08-14 3:30:18
104,1,95,2018-08-14 3:45:18
116,0,116,2018-08-14 4:00:18
38,0,38,2018-08-14 4:15:18
15,0,15,2018-08-14 4:30:18
14,0,14,2018-08-14 4:45:18
12,0,12,2018-08-14 5:00:17
10,0,10,2018-08-14 5:15:18
9,0,9,2018-08-14 5:30:18
8,0,8,2018-08-14 5:45:18
8,0,8,2018-08-14 6:00:19
11,0,8,2018-08-14 6:15:18
7,0,7,2018-08-14 6:34:12
7,0,7,2018-08-14 6:45:18
10,0,10,2018-08-14 7:00:18
43,0,43,2018-08-14 7:15:19
27,0,27,2018-08-14 7:30:20
32,0,32,2018-08-14 7:45:19
47,0,47,2018-08-14 8:00:23
65,0,65,2018-08-14 8:15:19
97,1,94,2018-08-14 8:30:19
143,1,144,2018-08-14 8:45:20
122,1,123,2018-08-14 9:00:20
158,0,158,2018-08-14 9:15:20
264,1,265,2018-08-14 9:30:19
463,9,472,2018-08-14 9:45:19
410,6,416,2018-08-14 10:00:19
362,5,367,2018-08-14 10:15:20
443,5,445,2018-08-14 10:30:19
597,12,609,2018-08-14 10:45:19
412,13,425,2018-08-14 11:00:19
377,7,384,2018-08-14 11:15:19
385,6,391,2018-08-14 11:30:19
324,5,329,2018-08-14 11:45:18
249,4,253,2018-08-14 12:00:22
262,7,269,2018-08-14 12:15:19
267,8,275,2018-08-14 12:30:19
295,4,299,2018-08-14 12:45:19
248,3,251,2018-08-14 13:00:22
267,3,270,2018-08-14 13:15:19
277,5,282,2018-08-14 13:30:19
300,0,300,2018-08-14 13:45:19
300,1,301,2018-08-14 14:00:19
294,1,295,2018-08-14 14:15:19
275,1,276,2018-08-14 14:30:18
318,2,320,2018-08-14 14:45:19
297,0,297,2018-08-14 15:00:18
294,2,296,2018-08-14 15:15:19
341,1,342,2018-08-14 15:30:18
360,1,361,2018-08-14 15:45:19
328,2,330,2018-08-14 16:00:18
387,0,387,2018-08-14 16:15:19
355,8,363,2018-08-14 16:30:18
369,6,375,2018-08-14 16:45:19
355,3,358,2018-08-14 17:00:18
492,13,505,2018-08-14 17:15:18
441,8,449,2018-08-14 17:30:18
411,3,414,2018-08-14 17:45:18
358,3,361,2018-08-14 18:00:18
425,8,433,2018-08-14 18:15:18
455,2,457,2018-08-14 18:30:18
417,2,415,2018-08-14 18:45:18
398,4,402,2018-08-14 19:00:19
501,7,505,2018-08-14 19:15:18
472,5,477,2018-08-14 19:30:18
559,4,563,2018-08-14 19:45:18
540,3,543,2018-08-14 20:00:21
682,7,689,2018-08-14 20:15:18
602,6,608,2018-08-14 20:30:18
664,7,671,2018-08-14 20:45:18
561,6,561,2018-08-14 21:00:19
622,4,626,2018-08-14 21:15:18
587,8,595,2018-08-14 21:30:18
528,3,531,2018-08-14 21:45:18
494,5,499,2018-08-14 22:00:21
538,5,543,2018-08-14 22:15:19
496,3,499,2018-08-14 22:30:18
459,4,463,2018-08-14 22:45:18
480,4,484,2018-08-14 23:00:21
492,5,497,2018-08-14 23:15:18
405,1,406,2018-08-14 23:30:18
353,0,353,2018-08-14 23:45:18
314,1,315,2018-08-15 0:00:18
325,3,328,2018-08-15 0:15:18
294,3,297,2018-08-15 0:30:18
241,2,243,2018-08-15 0:45:18
207,5,212,2018-08-15 1:00:18
266,6,272,2018-08-15 1:15:18
238,4,242,2018-08-15 1:30:17
225,2,227,2018-08-15 1:45:18
231,0,231,2018-08-15 2:00:18
264,2,266,2018-08-15 2:15:18
240,2,242,2018-08-15 2:30:18
211,2,213,2018-08-15 2:45:17
213,5,218,2018-08-15 3:00:18
189,3,192,2018-08-15 3:15:17
197,1,198,2018-08-15 3:30:18
141,2,143,2018-08-15 3:45:18
130,1,131,2018-08-15 4:00:17
114,4,118,2018-08-15 4:15:18
100,2,102,2018-08-15 4:30:17
90,1,91,2018-08-15 4:45:18
98,1,99,2018-08-15 5:00:17
90,1,91,2018-08-15 5:15:17
75,0,75,2018-08-15 5:30:17
70,0,70,2018-08-15 5:45:17
67,0,67,2018-08-15 6:00:17
67,0,67,2018-08-15 6:15:17
61,0,61,2018-08-15 6:34:20
46,0,46,2018-08-15 6:45:17
47,0,47,2018-08-15 7:00:19
59,0,59,2018-08-15 7:15:19
63,0,63,2018-08-15 7:30:19
58,0,58,2018-08-15 7:45:19
67,1,68,2018-08-15 8:00:19
76,1,77,2018-08-15 8:15:19
102,0,102,2018-08-15 8:30:19
122,1,123,2018-08-15 8:45:19
89,0,89,2018-08-15 9:00:19
108,0,108,2018-08-15 9:15:19
134,0,134,2018-08-15 9:30:19
164,1,165,2018-08-15 9:45:18
130,1,130,2018-08-15 10:00:20
141,1,142,2018-08-15 10:15:18
188,1,189,2018-08-15 10:30:19
247,1,248,2018-08-15 10:45:18
186,0,186,2018-08-15 11:00:18
170,0,170,2018-08-15 11:15:19
203,3,205,2018-08-15 11:30:18
239,1,235,2018-08-15 11:45:19
212,1,213,2018-08-15 12:00:18
214,1,215,2018-08-15 12:15:18
236,0,236,2018-08-15 12:30:18
220,1,221,2018-08-15 12:45:18
217,2,219,2018-08-15 13:00:19
231,2,233,2018-08-15 13:15:18
282,3,285,2018-08-15 13:30:19
316,3,310,2018-08-15 13:45:18
258,3,261,2018-08-15 14:00:18
282,2,284,2018-08-15 14:15:19
298,2,300,2018-08-15 14:30:18
312,0,312,2018-08-15 14:45:18
273,0,269,2018-08-15 15:00:19
315,1,312,2018-08-15 15:15:18
339,1,340,2018-08-15 15:30:18
332,0,332,2018-08-15 15:45:18
308,1,309,2018-08-15 16:00:21
332,3,335,2018-08-15 16:15:18
313,4,317,2018-08-15 16:30:19
309,3,312,2018-08-15 16:45:18
279,4,283,2018-08-15 17:00:20
295,5,300,2018-08-15 17:15:18
319,4,320,2018-08-15 17:30:18
287,4,291,2018-08-15 17:45:18
297,3,300,2018-08-15 18:00:18
359,4,363,2018-08-15 18:15:18
354,4,358,2018-08-15 18:30:18
356,2,358,2018-08-15 18:45:18
297,3,300,2018-08-15 19:00:17
349,6,355,2018-08-15 19:15:18
373,6,379,2018-08-15 19:30:17
390,5,395,2018-08-15 19:45:18
383,4,387,2018-08-15 20:00:17
418,4,422,2018-08-15 20:15:18
415,6,421,2018-08-15 20:30:17
374,7,381,2018-08-15 20:45:18
385,7,392,2018-08-15 21:00:17
404,4,408,2018-08-15 21:15:18
398,1,399,2018-08-15 21:30:17
468,2,470,2018-08-15 21:45:18
394,3,397,2018-08-15 22:00:18
435,5,440,2018-08-15 22:15:18
441,4,445,2018-08-15 22:30:17
467,2,469,2018-08-15 22:45:18
420,1,421,2018-08-15 23:00:17
392,3,391,2018-08-15 23:15:18
364,4,368,2018-08-15 23:30:17
353,1,354,2018-08-15 23:45:18
324,1,325,2018-08-16 0:00:17
294,4,298,2018-08-16 0:15:18
236,6,242,2018-08-16 0:30:17
239,6,245,2018-08-16 0:45:17
236,6,242,2018-08-16 1:00:17
269,6,275,2018-08-16 1:15:17
243,5,248,2018-08-16 1:30:18
247,4,251,2018-08-16 1:45:17
236,1,237,2018-08-16 2:00:17
243,3,246,2018-08-16 2:15:18
259,11,261,2018-08-16 2:30:17
246,8,254,2018-08-16 2:45:17
182,4,186,2018-08-16 3:00:17
164,4,168,2018-08-16 3:15:16
185,4,189,2018-08-16 3:30:17
142,5,147,2018-08-16 3:45:17
124,5,129,2018-08-16 4:00:17
46,1,47,2018-08-16 4:15:16
27,0,27,2018-08-16 4:30:17
25,0,25,2018-08-16 4:45:17
23,0,23,2018-08-16 5:00:17
23,0,23,2018-08-16 5:15:17
23,0,23,2018-08-16 5:30:17
23,0,23,2018-08-16 5:45:16
22,0,22,2018-08-16 6:00:18
22,0,22,2018-08-16 6:15:16
22,0,22,2018-08-16 6:34:13
31,0,22,2018-08-16 6:45:17
27,0,27,2018-08-16 7:00:16
57,0,57,2018-08-16 7:15:19
66,0,66,2018-08-16 7:30:18
66,0,66,2018-08-16 7:45:18
55,0,55,2018-08-16 8:00:19
78,0,78,2018-08-16 8:15:18
112,2,114,2018-08-16 8:30:18
190,2,192,2018-08-16 8:45:19
155,0,155,2018-08-16 9:00:18
199,1,200,2018-08-16 9:15:19
299,5,304,2018-08-16 9:30:18
458,4,461,2018-08-16 9:45:18
429,3,432,2018-08-16 10:00:18
401,3,404,2018-08-16 10:15:18
477,7,484,2018-08-16 10:30:18
575,13,583,2018-08-16 10:45:18
434,10,444,2018-08-16 11:00:18
387,7,394,2018-08-16 11:15:18
372,2,364,2018-08-16 11:30:18
335,3,338,2018-08-16 11:45:18
280,1,276,2018-08-16 12:00:18
249,3,252,2018-08-16 12:15:18
257,4,261,2018-08-16 12:30:19
266,5,271,2018-08-16 12:45:18
257,3,260,2018-08-16 13:00:18
264,3,267,2018-08-16 13:15:18
269,3,272,2018-08-16 13:30:18
293,3,296,2018-08-16 13:45:18
268,1,269,2018-08-16 14:00:18
274,1,275,2018-08-16 14:15:18
248,2,250,2018-08-16 14:30:17
307,5,312,2018-08-16 14:45:18
326,0,326,2018-08-16 15:00:17
360,3,363,2018-08-16 15:15:18
303,5,308,2018-08-16 15:30:17
341,6,347,2018-08-16 15:45:18
310,4,314,2018-08-16 16:00:17
324,4,328,2018-08-16 16:15:18
350,5,355,2018-08-16 16:30:17
354,7,361,2018-08-16 16:45:18
368,6,374,2018-08-16 17:00:18
470,6,476,2018-08-16 17:15:17
419,6,425,2018-08-16 17:30:18
390,5,395,2018-08-16 17:45:18
350,8,358,2018-08-16 18:00:18
440,8,448,2018-08-16 18:15:17
418,6,424,2018-08-16 18:30:18
393,7,400,2018-08-16 18:45:18
403,8,411,2018-08-16 19:00:18
517,9,526,2018-08-16 19:15:17
486,8,494,2018-08-16 19:30:18
526,4,521,2018-08-16 19:45:17
506,11,517,2018-08-16 20:00:17
684,11,695,2018-08-16 20:15:18
635,12,647,2018-08-16 20:30:17
662,10,672,2018-08-16 20:45:18
555,8,563,2018-08-16 21:00:17
638,7,642,2018-08-16 21:15:17
622,7,629,2018-08-16 21:30:17
634,6,640,2018-08-16 21:45:17
545,5,544,2018-08-16 22:00:17
586,6,592,2018-08-16 22:15:17
536,8,544,2018-08-16 22:30:17
492,6,498,2018-08-16 22:45:17
467,7,466,2018-08-16 23:00:17
501,6,507,2018-08-16 23:15:17
403,6,409,2018-08-16 23:30:17
400,6,406,2018-08-16 23:45:17
332,6,338,2018-08-17 0:00:17
372,9,381,2018-08-17 0:15:17
335,6,334,2018-08-17 0:30:17
310,5,315,2018-08-17 0:45:17
284,5,289,2018-08-17 1:00:17
323,7,330,2018-08-17 1:15:17
312,6,316,2018-08-17 1:30:17
300,6,306,2018-08-17 1:45:16
292,8,300,2018-08-17 2:00:18
279,11,290,2018-08-17 2:15:17
282,13,295,2018-08-17 2:30:17
251,6,257,2018-08-17 2:45:17
186,6,192,2018-08-17 3:00:16
193,11,204,2018-08-17 3:15:20
175,11,186,2018-08-17 3:30:17
151,6,157,2018-08-17 3:45:16
172,9,172,2018-08-17 4:00:17
120,8,128,2018-08-17 4:15:16
113,6,119,2018-08-17 4:30:17
98,7,105,2018-08-17 4:45:19
82,7,89,2018-08-17 5:00:17
54,7,61,2018-08-17 5:15:16
49,7,56,2018-08-17 5:30:16
45,7,52,2018-08-17 5:45:16
49,7,52,2018-08-17 6:00:16
43,7,50,2018-08-17 6:15:17
43,7,50,2018-08-17 6:34:23
43,6,49,2018-08-17 6:45:17
44,6,50,2018-08-17 7:00:16
76,7,83,2018-08-17 7:15:18
74,7,81,2018-08-17 7:30:18
94,7,101,2018-08-17 7:45:19
74,7,81,2018-08-17 8:00:18
87,7,94,2018-08-17 8:15:17
126,7,133,2018-08-17 8:30:18
181,6,187,2018-08-17 8:45:18
152,6,158,2018-08-17 9:00:19
225,6,231,2018-08-17 9:15:18
296,10,306,2018-08-17 9:30:17
474,12,486,2018-08-17 9:45:18
407,14,421,2018-08-17 10:00:18
395,10,405,2018-08-17 10:15:18
462,14,476,2018-08-17 10:30:18
542,20,562,2018-08-17 10:45:18
440,10,450,2018-08-17 11:00:17
381,11,392,2018-08-17 11:15:18
358,10,368,2018-08-17 11:30:18
379,11,390,2018-08-17 11:45:18
321,11,332,2018-08-17 12:00:18
280,8,288,2018-08-17 12:15:17
281,8,289,2018-08-17 12:30:18
315,10,325,2018-08-17 12:45:17
253,10,263,2018-08-17 13:00:18
292,8,300,2018-08-17 13:15:17
243,4,247,2018-08-17 13:30:18
269,6,275,2018-08-17 13:45:18
268,5,273,2018-08-17 14:00:18
289,7,288,2018-08-17 14:15:17
311,8,319,2018-08-17 14:30:17
330,4,334,2018-08-17 14:45:17
301,7,308,2018-08-17 15:00:17
337,8,345,2018-08-17 15:15:17
351,7,358,2018-08-17 15:30:18
385,4,389,2018-08-17 15:45:17
332,5,337,2018-08-17 16:00:17
144,4,148,2018-08-17 16:15:17
97,4,101,2018-08-17 16:30:17
72,4,76,2018-08-17 16:45:17
57,4,61,2018-08-17 17:00:17
69,4,73,2018-08-17 17:15:17
88,4,92,2018-08-17 17:30:17
99,4,103,2018-08-17 17:45:17
63,4,67,2018-08-17 18:00:18
82,4,86,2018-08-17 18:15:17
99,5,104,2018-08-17 18:30:18
180,8,178,2018-08-17 18:45:17
213,6,219,2018-08-17 19:00:17
331,3,334,2018-08-17 19:15:17
334,3,337,2018-08-17 19:30:17
325,2,327,2018-08-17 19:45:17
339,4,343,2018-08-17 20:00:18
439,6,445,2018-08-17 20:15:17
423,4,427,2018-08-17 20:30:17
419,3,422,2018-08-17 20:45:16
355,6,361,2018-08-17 21:00:17
409,4,413,2018-08-17 21:15:16
395,5,400,2018-08-17 21:30:17
444,1,445,2018-08-17 21:45:17
351,2,353,2018-08-17 22:00:17
342,2,344,2018-08-17 22:15:17
259,3,262,2018-08-17 22:30:17
273,2,275,2018-08-17 22:45:17
300,2,302,2018-08-17 23:00:17
322,2,324,2018-08-17 23:15:17
293,3,296,2018-08-17 23:30:16
255,4,259,2018-08-17 23:45:17
282,4,286,2018-08-18 0:00:17
316,0,316,2018-08-18 0:15:17
249,0,246,2018-08-18 0:30:16
231,1,232,2018-08-18 0:45:16
228,1,229,2018-08-18 1:00:16
213,2,215,2018-08-18 1:15:17
234,1,235,2018-08-18 1:30:17
249,2,251,2018-08-18 1:45:16
233,2,235,2018-08-18 2:00:17
217,2,219,2018-08-18 2:15:16
224,5,229,2018-08-18 2:30:16
202,3,205,2018-08-18 2:45:16
208,1,199,2018-08-18 3:00:16
166,1,167,2018-08-18 3:15:17
201,2,203,2018-08-18 3:30:16
159,0,159,2018-08-18 3:45:17
111,2,113,2018-08-18 4:00:16
116,0,116,2018-08-18 4:15:17
126,3,129,2018-08-18 4:30:16
128,0,128,2018-08-18 4:45:16
113,0,113,2018-08-18 5:00:16
131,2,133,2018-08-18 5:15:16
138,1,139,2018-08-18 5:30:16
121,1,122,2018-08-18 5:45:16
108,0,108,2018-08-18 6:00:16
131,0,131,2018-08-18 6:15:16
124,0,124,2018-08-18 6:34:27
107,0,107,2018-08-18 6:45:16
103,0,103,2018-08-18 7:00:17
90,1,91,2018-08-18 7:15:17
83,1,84,2018-08-18 7:30:18
102,1,103,2018-08-18 7:45:18
87,0,85,2018-08-18 8:00:18
108,0,104,2018-08-18 8:15:17
113,1,114,2018-08-18 8:30:17
115,0,115,2018-08-18 8:45:18
91,0,91,2018-08-18 9:00:17
103,0,103,2018-08-18 9:15:18
115,0,115,2018-08-18 9:30:17
147,0,147,2018-08-18 9:45:18
107,0,107,2018-08-18 10:00:17
121,1,122,2018-08-18 10:15:17
139,2,141,2018-08-18 10:30:17
160,2,162,2018-08-18 10:45:17
148,0,148,2018-08-18 11:00:18
177,1,178,2018-08-18 11:15:17
196,123,73,2018-08-18 11:30:19
256,126,130,2018-08-18 11:45:17
231,136,95,2018-08-18 12:00:19
213,131,82,2018-08-18 12:15:17
234,112,122,2018-08-18 12:30:17
270,117,153,2018-08-18 12:45:17
248,123,125,2018-08-18 13:00:16
263,134,129,2018-08-18 13:15:17
282,122,160,2018-08-18 13:30:17
327,117,210,2018-08-18 13:45:17
285,117,168,2018-08-18 14:00:17
317,134,183,2018-08-18 14:15:17
357,142,213,2018-08-18 14:30:16
331,135,196,2018-08-18 14:45:17
334,135,199,2018-08-18 15:00:17
368,139,229,2018-08-18 15:15:17
318,118,200,2018-08-18 15:30:16
360,2,362,2018-08-18 15:45:17
355,2,357,2018-08-18 16:00:16
345,2,347,2018-08-18 16:15:17
345,2,347,2018-08-18 16:30:16
330,3,333,2018-08-18 16:45:17
327,0,327,2018-08-18 17:00:17
314,0,314,2018-08-18 17:15:16
342,0,342,2018-08-18 17:30:16
338,0,338,2018-08-18 17:45:17
309,3,312,2018-08-18 18:00:17
384,4,388,2018-08-18 18:15:16
383,8,391,2018-08-18 18:30:16
365,4,369,2018-08-18 18:45:16
357,4,361,2018-08-18 19:00:16
398,6,404,2018-08-18 19:15:16
376,2,376,2018-08-18 19:30:16
419,4,423,2018-08-18 19:45:17
358,7,365,2018-08-18 20:00:16
374,6,380,2018-08-18 20:15:17
397,7,404,2018-08-18 20:30:16
397,7,404,2018-08-18 20:45:17
404,7,411,2018-08-18 21:00:17
415,6,421,2018-08-18 21:15:16
407,6,413,2018-08-18 21:30:16
401,6,407,2018-08-18 21:45:16
374,6,380,2018-08-18 22:00:16
421,6,427,2018-08-18 22:15:16
398,10,408,2018-08-18 22:30:15
381,6,387,2018-08-18 22:45:16
376,3,379,2018-08-18 23:00:15
440,8,448,2018-08-18 23:15:16
348,5,353,2018-08-18 23:30:15
323,3,326,2018-08-18 23:45:16
324,4,328,2018-08-19 0:00:17
337,9,346,2018-08-19 0:15:16
271,6,276,2018-08-19 0:30:16
221,3,224,2018-08-19 0:45:16
217,3,220,2018-08-19 1:00:16
238,4,242,2018-08-19 1:15:16
175,6,181,2018-08-19 1:30:16
210,5,215,2018-08-19 1:45:15
219,5,218,2018-08-19 2:00:17
260,3,263,2018-08-19 2:15:16
321,5,326,2018-08-19 2:30:16
286,2,288,2018-08-19 2:45:16
235,2,237,2018-08-19 3:00:16
240,3,243,2018-08-19 3:15:15
239,4,243,2018-08-19 3:30:16
143,2,145,2018-08-19 3:45:16
145,3,148,2018-08-19 4:00:16
152,3,155,2018-08-19 4:15:15
147,4,151,2018-08-19 4:30:16
120,3,115,2018-08-19 4:45:15
113,2,115,2018-08-19 5:00:16
110,3,113,2018-08-19 5:15:15
106,3,109,2018-08-19 5:30:16
82,4,86,2018-08-19 5:45:15
76,2,78,2018-08-19 6:00:15
74,2,76,2018-08-19 6:15:15
84,5,89,2018-08-19 6:34:07
68,3,71,2018-08-19 6:45:15
67,4,71,2018-08-19 7:00:16
70,4,69,2018-08-19 7:15:17
77,3,80,2018-08-19 7:30:17
66,3,69,2018-08-19 7:45:17
74,2,76,2018-08-19 8:00:17
84,3,86,2018-08-19 8:15:17
93,2,95,2018-08-19 8:30:20
94,3,97,2018-08-19 8:45:17
67,1,61,2018-08-19 9:00:18
83,1,84,2018-08-19 9:15:17
88,1,89,2018-08-19 9:30:17
118,1,119,2018-08-19 9:45:16
78,2,80,2018-08-19 10:00:18
102,2,104,2018-08-19 10:15:16
103,4,107,2018-08-19 10:30:17
128,2,130,2018-08-19 10:45:16
110,2,112,2018-08-19 11:00:18
129,2,131,2018-08-19 11:15:16
163,2,165,2018-08-19 11:30:17
198,1,199,2018-08-19 11:45:16
163,2,165,2018-08-19 12:00:17
178,1,179,2018-08-19 12:15:17
178,1,179,2018-08-19 12:30:17
192,2,194,2018-08-19 12:45:17
201,1,200,2018-08-19 13:00:17
213,3,216,2018-08-19 13:15:16
207,3,210,2018-08-19 13:30:17
273,2,275,2018-08-19 13:45:16
253,2,255,2018-08-19 14:00:17
239,5,244,2018-08-19 14:15:16
253,5,258,2018-08-19 14:30:17
263,3,266,2018-08-19 14:45:16
254,2,256,2018-08-19 15:00:17
260,2,262,2018-08-19 15:15:16
259,2,261,2018-08-19 15:30:16
288,4,292,2018-08-19 15:45:17
295,6,301,2018-08-19 16:00:16
291,5,296,2018-08-19 16:15:17
303,4,307,2018-08-19 16:30:16
286,3,289,2018-08-19 16:45:16
265,2,267,2018-08-19 17:00:16
313,2,308,2018-08-19 17:15:16
289,2,291,2018-08-19 17:30:16
296,3,299,2018-08-19 17:45:17
283,1,284,2018-08-19 18:00:16
326,2,328,2018-08-19 18:15:16
313,1,310,2018-08-19 18:30:16
340,5,345,2018-08-19 18:45:16
332,5,337,2018-08-19 19:00:16
342,5,343,2018-08-19 19:15:17
330,4,334,2018-08-19 19:30:16
322,10,332,2018-08-19 19:45:16
315,5,320,2018-08-19 20:00:16
345,8,353,2018-08-19 20:15:16
345,10,355,2018-08-19 20:30:16
371,9,380,2018-08-19 20:45:16
347,2,349,2018-08-19 21:00:15
400,4,404,2018-08-19 21:15:16
407,4,411,2018-08-19 21:30:15
426,5,431,2018-08-19 21:45:16
396,3,399,2018-08-19 22:00:17
405,5,410,2018-08-19 22:15:15
412,6,418,2018-08-19 22:30:16
376,6,382,2018-08-19 22:45:16
337,5,342,2018-08-19 23:00:16
351,5,356,2018-08-19 23:15:15
331,3,334,2018-08-19 23:30:16
295,7,302,2018-08-19 23:45:15
265,4,269,2018-08-20 0:00:17
290,0,284,2018-08-20 0:15:15
280,0,271,2018-08-20 0:30:16
226,3,229,2018-08-20 0:45:16
210,0,210,2018-08-20 1:00:16
263,3,257,2018-08-20 1:15:15
217,3,218,2018-08-20 1:30:15
178,2,170,2018-08-20 1:45:16
203,0,203,2018-08-20 2:00:15
210,1,211,2018-08-20 2:15:16
178,2,180,2018-08-20 2:30:16
166,2,168,2018-08-20 2:45:15
146,3,149,2018-08-20 3:00:16
134,1,135,2018-08-20 3:15:15
123,1,124,2018-08-20 3:30:16
92,0,92,2018-08-20 3:45:15
103,3,106,2018-08-20 4:00:16
45,1,46,2018-08-20 4:15:15
29,0,29,2018-08-20 4:30:16
26,0,26,2018-08-20 4:45:15
21,0,21,2018-08-20 5:00:15
21,0,21,2018-08-20 5:15:15
21,0,21,2018-08-20 5:30:15
20,0,20,2018-08-20 5:45:15
18,0,18,2018-08-20 6:00:15
16,0,16,2018-08-20 6:15:15
16,0,16,2018-08-20 6:34:15
15,0,15,2018-08-20 6:45:15
21,0,21,2018-08-20 7:00:16
41,0,41,2018-08-20 7:15:16
52,0,52,2018-08-20 7:30:17
56,0,56,2018-08-20 7:45:16
43,0,43,2018-08-20 8:00:17
57,0,57,2018-08-20 8:15:16
115,1,116,2018-08-20 8:30:17
155,1,156,2018-08-20 8:45:16
121,1,122,2018-08-20 9:00:18
187,1,188,2018-08-20 9:15:16
299,5,304,2018-08-20 9:30:17
518,11,529,2018-08-20 9:45:16
420,4,424,2018-08-20 10:00:16
409,7,416,2018-08-20 10:15:16
469,7,476,2018-08-20 10:30:16
594,15,609,2018-08-20 10:45:17
518,9,527,2018-08-20 11:00:21
421,4,416,2018-08-20 11:15:17
353,5,358,2018-08-20 11:30:16
358,6,364,2018-08-20 11:45:16
280,4,284,2018-08-20 12:00:16
251,2,253,2018-08-20 12:15:16
272,1,273,2018-08-20 12:30:16
262,2,264,2018-08-20 12:45:16
239,3,242,2018-08-20 13:00:16
241,3,244,2018-08-20 13:15:16
271,4,275,2018-08-20 13:30:16
278,2,280,2018-08-20 13:45:16
305,2,298,2018-08-20 14:00:16
294,4,298,2018-08-20 14:15:16
276,2,274,2018-08-20 14:30:17
292,1,293,2018-08-20 14:45:16
314,0,314,2018-08-20 15:00:16
309,4,313,2018-08-20 15:15:16
312,3,315,2018-08-20 15:30:16
384,0,384,2018-08-20 15:45:16
386,2,388,2018-08-20 16:00:16
406,4,410,2018-08-20 16:15:42
380,7,387,2018-08-20 16:30:41
404,5,409,2018-08-20 16:45:41
352,4,356,2018-08-20 17:00:41
547,5,552,2018-08-20 17:15:40
409,7,416,2018-08-20 17:45:41
394,5,394,2018-08-20 18:00:40
457,6,463,2018-08-20 18:15:40
413,7,420,2018-08-20 18:30:39
451,7,458,2018-08-20 18:45:39
398,6,404,2018-08-20 19:00:39
507,5,512,2018-08-20 19:15:40
506,7,513,2018-08-20 19:30:39
571,1,572,2018-08-20 19:45:40
538,5,543,2018-08-20 20:00:40
734,10,744,2018-08-20 20:15:40
666,9,675,2018-08-20 20:30:40
685,7,692,2018-08-20 20:45:39
597,4,601,2018-08-20 21:00:39
622,6,628,2018-08-20 21:15:40
645,8,653,2018-08-20 21:30:39
616,8,624,2018-08-20 21:45:40
565,2,558,2018-08-20 22:00:39
598,1,599,2018-08-20 22:15:40
551,2,553,2018-08-20 22:30:39
459,1,460,2018-08-20 22:45:39
438,4,442,2018-08-20 23:00:40
478,4,482,2018-08-20 23:15:39
412,5,417,2018-08-20 23:30:39
377,1,378,2018-08-20 23:45:39
325,1,324,2018-08-21 0:00:39
329,0,329,2018-08-21 0:15:39
305,1,306,2018-08-21 0:30:39
270,3,273,2018-08-21 0:45:40
247,5,248,2018-08-21 1:00:39
260,5,259,2018-08-21 1:15:39
233,7,240,2018-08-21 1:30:39
247,3,250,2018-08-21 1:45:39
216,2,218,2018-08-21 2:00:40
249,2,251,2018-08-21 2:15:40
219,3,222,2018-08-21 2:30:39
198,1,199,2018-08-21 2:45:40
162,3,165,2018-08-21 3:00:39
159,2,161,2018-08-21 3:15:39
144,1,145,2018-08-21 3:30:38
122,3,125,2018-08-21 3:45:39
108,3,111,2018-08-21 4:00:38
41,1,42,2018-08-21 4:15:39
22,0,22,2018-08-21 4:30:39
20,0,20,2018-08-21 4:45:39
19,0,19,2018-08-21 5:00:38
19,0,19,2018-08-21 5:15:39
19,0,19,2018-08-21 5:30:38
18,0,18,2018-08-21 5:45:40
18,0,18,2018-08-21 6:00:38
18,0,18,2018-08-21 6:15:40
17,0,17,2018-08-21 6:34:14
16,0,16,2018-08-21 6:45:39
27,0,27,2018-08-21 7:00:39
42,1,43,2018-08-21 7:15:40
45,0,45,2018-08-21 7:30:40
65,0,65,2018-08-21 7:45:40
52,0,52,2018-08-21 8:00:40
71,0,71,2018-08-21 8:15:40
118,0,118,2018-08-21 8:30:40
178,1,179,2018-08-21 8:45:40
140,0,138,2018-08-21 9:00:40
192,3,195,2018-08-21 9:15:40
309,6,315,2018-08-21 9:30:40
546,6,552,2018-08-21 9:45:40
471,6,477,2018-08-21 10:00:41
477,12,489,2018-08-21 10:15:39
523,7,530,2018-08-21 10:30:40
698,13,711,2018-08-21 10:45:40
574,8,573,2018-08-21 11:00:41
430,5,435,2018-08-21 11:15:40
408,3,411,2018-08-21 11:30:40
402,2,404,2018-08-21 11:45:40
316,5,321,2018-08-21 12:00:40
293,0,293,2018-08-21 12:15:40
275,2,277,2018-08-21 12:30:40
298,4,302,2018-08-21 12:45:39
269,1,268,2018-08-21 13:00:41
290,1,291,2018-08-21 13:15:39
306,2,308,2018-08-21 13:30:40
302,2,304,2018-08-21 13:45:40
304,0,304,2018-08-21 14:00:39
323,2,325,2018-08-21 14:15:40
315,3,318,2018-08-21 14:30:39
325,3,328,2018-08-21 14:45:39
320,2,322,2018-08-21 15:00:40
387,1,388,2018-08-21 15:15:39
356,3,359,2018-08-21 15:30:39
359,1,360,2018-08-21 15:45:39
330,2,332,2018-08-21 16:00:39
403,10,411,2018-08-21 16:15:40
381,11,392,2018-08-21 16:30:39
399,6,405,2018-08-21 16:45:40
375,0,375,2018-08-21 17:00:39
577,5,582,2018-08-21 17:15:39
468,5,473,2018-08-21 17:30:39
466,4,470,2018-08-21 17:45:40
390,3,393,2018-08-21 18:00:39
458,2,460,2018-08-21 18:15:40
436,7,443,2018-08-21 18:30:39
453,4,457,2018-08-21 18:45:39
427,2,429,2018-08-21 19:00:39
535,6,536,2018-08-21 19:15:40
509,9,518,2018-08-21 19:30:39
560,6,566,2018-08-21 19:45:40
563,6,560,2018-08-21 20:00:39
735,10,745,2018-08-21 20:15:40
710,7,717,2018-08-21 20:30:40
673,4,677,2018-08-21 20:45:39
601,2,603,2018-08-21 21:00:40
668,2,670,2018-08-21 21:15:39
640,4,644,2018-08-21 21:30:39
645,7,652,2018-08-21 21:45:39
602,4,606,2018-08-21 22:00:39
587,9,596,2018-08-21 22:15:39
513,5,518,2018-08-21 22:30:38
548,4,552,2018-08-21 22:45:39
454,3,457,2018-08-21 23:00:40
490,4,494,2018-08-21 23:15:39
430,5,435,2018-08-21 23:30:38
345,2,347,2018-08-21 23:45:39
329,1,330,2018-08-22 0:00:38
351,5,356,2018-08-22 0:15:39
295,6,301,2018-08-22 0:30:39
304,3,307,2018-08-22 0:45:38
251,1,252,2018-08-22 1:00:39
271,8,279,2018-08-22 1:15:38
245,8,253,2018-08-22 1:30:38
243,2,245,2018-08-22 1:45:39
259,3,254,2018-08-22 2:00:39
274,4,278,2018-08-22 2:15:39
227,3,222,2018-08-22 2:30:39
228,3,231,2018-08-22 2:45:38
187,4,191,2018-08-22 3:00:40
179,6,185,2018-08-22 3:15:38
164,5,169,2018-08-22 3:30:39
112,7,119,2018-08-22 3:45:38
129,4,133,2018-08-22 4:00:38
41,3,44,2018-08-22 4:15:38
17,0,17,2018-08-22 4:30:39
15,0,15,2018-08-22 4:45:38
15,0,15,2018-08-22 5:00:38
15,0,15,2018-08-22 5:15:38
13,0,13,2018-08-22 5:30:38
13,0,13,2018-08-22 5:45:38
13,0,13,2018-08-22 6:00:38
12,0,12,2018-08-22 6:15:38
11,0,11,2018-08-22 6:34:16
11,0,11,2018-08-22 6:45:38
20,0,20,2018-08-22 7:00:38
34,0,34,2018-08-22 7:15:40
46,0,46,2018-08-22 7:30:40
56,0,55,2018-08-22 7:45:40
60,0,60,2018-08-22 8:00:40
73,0,72,2018-08-22 8:15:39
93,1,94,2018-08-22 8:30:40
161,1,162,2018-08-22 8:45:39
135,0,135,2018-08-22 9:00:40
179,2,181,2018-08-22 9:15:39
274,2,276,2018-08-22 9:30:40
585,9,594,2018-08-22 9:45:40
521,3,524,2018-08-22 10:00:40
459,4,463,2018-08-22 10:15:40
542,10,549,2018-08-22 10:30:40
667,18,685,2018-08-22 10:45:40
517,14,531,2018-08-22 11:00:40
429,8,437,2018-08-22 11:15:39
373,3,376,2018-08-22 11:30:39
402,6,408,2018-08-22 11:45:40
290,6,296,2018-08-22 12:00:39
258,3,261,2018-08-22 12:15:39
260,0,256,2018-08-22 12:30:39
283,4,287,2018-08-22 12:45:39
251,1,252,2018-08-22 13:00:39
264,1,265,2018-08-22 13:15:40
291,1,292,2018-08-22 13:30:39
302,2,304,2018-08-22 13:45:41
273,4,277,2018-08-22 14:00:39
276,2,278,2018-08-22 14:15:40
275,1,276,2018-08-22 14:30:39
302,3,305,2018-08-22 14:45:39
297,1,298,2018-08-22 15:00:40
324,1,325,2018-08-22 15:15:39
304,7,311,2018-08-22 15:30:39
371,5,375,2018-08-22 15:45:39
338,5,342,2018-08-22 16:00:40
424,4,428,2018-08-22 16:15:43
371,4,375,2018-08-22 16:30:42
410,3,413,2018-08-22 16:45:43
376,5,381,2018-08-22 17:00:42
582,10,584,2018-08-22 17:15:43
452,8,460,2018-08-22 17:30:42
426,2,428,2018-08-22 17:49:58
380,3,383,2018-08-22 18:00:43
434,6,440,2018-08-22 18:15:41
434,5,439,2018-08-22 18:30:42
450,6,456,2018-08-22 18:45:42
427,3,430,2018-08-22 19:00:41
502,12,514,2018-08-22 19:15:41
501,8,509,2018-08-22 19:30:41
592,6,598,2018-08-22 19:45:41
590,13,603,2018-08-22 20:00:42
756,18,774,2018-08-22 20:15:41
761,8,769,2018-08-22 20:30:41
757,4,761,2018-08-22 20:45:41
654,5,659,2018-08-22 21:00:40
722,8,730,2018-08-22 21:15:41
648,6,654,2018-08-22 21:30:40
666,2,668,2018-08-22 21:45:41
577,4,581,2018-08-22 22:00:42
639,3,642,2018-08-22 22:15:41
584,3,587,2018-08-22 22:30:41
526,3,529,2018-08-22 22:45:41
511,2,513,2018-08-22 23:00:41
490,6,496,2018-08-22 23:15:41
448,4,452,2018-08-22 23:30:41
379,5,384,2018-08-22 23:45:41
355,2,357,2018-08-23 0:00:41
399,2,401,2018-08-23 0:15:41
327,1,328,2018-08-23 0:30:41
291,2,293,2018-08-23 0:45:40
284,2,286,2018-08-23 1:00:41
324,6,330,2018-08-23 1:15:41
273,5,274,2018-08-23 1:30:40
244,9,253,2018-08-23 1:45:41
266,3,269,2018-08-23 2:00:42
283,1,284,2018-08-23 2:15:42
270,4,274,2018-08-23 2:30:42
207,3,210,2018-08-23 2:45:40
175,3,178,2018-08-23 3:00:41
164,1,165,2018-08-23 3:15:40
153,1,154,2018-08-23 3:30:41
137,1,138,2018-08-23 3:45:40
160,2,162,2018-08-23 4:00:42
71,1,72,2018-08-23 4:15:40
45,1,46,2018-08-23 4:30:41
36,0,36,2018-08-23 4:45:40
31,0,31,2018-08-23 5:00:41
31,0,31,2018-08-23 5:15:40
30,0,30,2018-08-23 5:30:40
29,0,29,2018-08-23 5:45:40
29,0,29,2018-08-23 6:00:41
26,0,26,2018-08-23 6:15:40
26,0,26,2018-08-23 6:34:18
25,0,25,2018-08-23 6:45:40
40,0,40,2018-08-23 7:00:41
49,0,49,2018-08-23 7:15:41
67,0,64,2018-08-23 7:30:42
72,0,72,2018-08-23 7:45:43
66,0,66,2018-08-23 8:00:42
81,0,81,2018-08-23 8:15:42
113,3,116,2018-08-23 8:30:42
168,0,168,2018-08-23 8:45:41
151,1,152,2018-08-23 9:00:42
211,2,213,2018-08-23 9:15:41
332,3,335,2018-08-23 9:30:42
597,3,600,2018-08-23 9:45:43
469,5,474,2018-08-23 10:00:41
506,9,515,2018-08-23 10:15:42
587,11,598,2018-08-23 10:30:41
709,15,724,2018-08-23 10:45:42
547,7,554,2018-08-23 11:00:41
439,4,443,2018-08-23 11:15:42
404,7,411,2018-08-23 11:30:42
376,9,385,2018-08-23 11:45:42
281,3,284,2018-08-23 12:00:42
256,2,258,2018-08-23 12:15:42
240,0,240,2018-08-23 12:30:41
286,1,287,2018-08-23 12:45:42
262,2,261,2018-08-23 13:00:41
239,4,243,2018-08-23 13:15:41
253,5,258,2018-08-23 13:30:41
314,2,316,2018-08-23 13:45:41
272,0,272,2018-08-23 14:00:41
310,0,310,2018-08-23 14:15:41
306,1,303,2018-08-23 14:30:42
302,3,305,2018-08-23 14:45:41
290,3,293,2018-08-23 15:00:42
355,3,358,2018-08-23 15:15:41
329,4,333,2018-08-23 15:30:41
377,5,382,2018-08-23 15:45:41
323,2,325,2018-08-23 16:00:41
400,5,405,2018-08-23 16:15:41
368,5,373,2018-08-23 16:30:40
423,3,416,2018-08-23 16:45:42
340,2,342,2018-08-23 17:00:41
562,7,569,2018-08-23 17:15:41
391,3,394,2018-08-24 11:15:44
334,6,340,2018-08-24 11:30:44
349,7,348,2018-08-24 11:45:43
236,3,239,2018-08-24 12:00:44
257,4,261,2018-08-24 12:15:44
275,4,279,2018-08-24 12:30:44
274,2,276,2018-08-24 12:45:43
269,1,270,2018-08-24 13:00:44
244,1,245,2018-08-24 13:15:44
261,2,263,2018-08-24 13:30:44
297,3,300,2018-08-24 13:45:43
247,3,250,2018-08-24 14:00:44
279,3,282,2018-08-24 14:15:43
304,2,306,2018-08-24 14:30:44
317,2,319,2018-08-24 14:45:43
279,3,281,2018-08-24 15:00:43
312,4,316,2018-08-24 15:15:43
360,2,352,2018-08-24 15:30:44
368,6,374,2018-08-24 15:45:43
360,3,363,2018-08-24 16:00:44
498,5,503,2018-08-24 16:15:44
458,9,467,2018-08-24 16:30:43
454,9,463,2018-08-24 16:45:44
407,2,409,2018-08-24 17:00:43
669,4,673,2018-08-24 17:15:44
559,9,568,2018-08-24 17:30:43
500,4,504,2018-08-24 17:45:44
426,0,426,2018-08-24 18:00:43
510,7,517,2018-08-24 18:15:43
536,3,539,2018-08-24 18:30:43
520,3,523,2018-08-24 18:45:43
469,3,472,2018-08-24 19:00:43
501,4,505,2018-08-24 19:15:43
483,4,487,2018-08-24 19:30:43
520,5,525,2018-08-24 19:45:43
472,7,479,2018-08-24 20:00:42
515,7,522,2018-08-24 20:15:42
570,4,574,2018-08-24 20:30:43
545,4,549,2018-08-24 20:45:43
499,5,504,2018-08-24 21:00:44
546,6,552,2018-08-24 21:15:43
553,7,560,2018-08-24 21:30:43
554,7,561,2018-08-24 21:45:43
486,2,488,2018-08-24 22:00:43
494,6,494,2018-08-24 22:15:43
499,3,502,2018-08-24 22:30:43
496,5,501,2018-08-24 22:45:42
490,3,493,2018-08-24 23:00:44
456,5,461,2018-08-24 23:15:42
427,3,430,2018-08-24 23:30:43
408,3,411,2018-08-24 23:45:43
337,7,344,2018-08-25 0:00:42
353,3,356,2018-08-25 0:15:42
303,2,305,2018-08-25 0:30:42
259,4,263,2018-08-25 0:45:43
237,2,239,2018-08-25 1:00:44
291,2,293,2018-08-25 1:15:43
258,6,264,2018-08-25 1:30:42
253,5,258,2018-08-25 1:45:43
212,2,214,2018-08-25 2:00:43
259,5,264,2018-08-25 2:15:43
239,2,241,2018-08-25 2:30:42
198,2,200,2018-08-25 2:45:42
221,3,224,2018-08-25 3:00:43
137,3,140,2018-08-25 3:16:22
183,4,187,2018-08-25 3:30:42
168,3,165,2018-08-25 3:45:42
190,5,195,2018-08-25 4:00:42
171,3,174,2018-08-25 4:15:42
154,1,155,2018-08-25 4:30:42
147,1,148,2018-08-25 4:45:42
159,1,158,2018-08-25 5:00:43
128,3,131,2018-08-25 5:15:42
132,2,134,2018-08-25 5:30:42
133,2,135,2018-08-25 5:45:42
133,1,124,2018-08-25 6:00:42
101,2,103,2018-08-25 6:15:42
83,3,86,2018-08-25 6:34:20
68,2,70,2018-08-25 6:45:43
62,1,63,2018-08-25 7:00:42
64,2,66,2018-08-25 7:15:44
57,2,59,2018-08-25 7:30:44
62,2,64,2018-08-25 7:45:43
65,1,66,2018-08-25 8:00:44
79,1,80,2018-08-25 8:15:43
60,1,61,2018-08-25 8:30:44
59,1,60,2018-08-25 8:45:44
50,1,51,2018-08-25 9:00:44
63,1,64,2018-08-25 9:15:43
87,1,88,2018-08-25 9:30:44
112,1,113,2018-08-25 9:45:43
77,1,78,2018-08-25 10:00:45
88,1,89,2018-08-25 10:15:43
102,2,104,2018-08-25 10:30:44
142,2,144,2018-08-25 10:45:43
110,2,112,2018-08-25 11:00:44
128,3,131,2018-08-25 11:15:44
147,4,151,2018-08-25 11:30:43
194,4,198,2018-08-25 11:45:44
187,3,190,2018-08-25 12:00:43
174,2,176,2018-08-25 12:15:43
188,2,190,2018-08-25 12:30:43
256,2,258,2018-08-25 12:45:44
208,4,212,2018-08-25 13:00:44
222,4,226,2018-08-25 13:15:44
249,5,254,2018-08-25 13:30:43
278,4,280,2018-08-25 13:45:44
244,4,248,2018-08-25 14:00:42
287,5,290,2018-08-25 14:15:43
283,6,289,2018-08-25 14:30:42
311,2,313,2018-08-25 14:45:43
298,2,299,2018-08-25 15:00:43
321,2,323,2018-08-25 15:15:43
305,2,307,2018-08-25 15:30:42
336,1,337,2018-08-25 15:45:43
300,2,302,2018-08-25 16:00:43
336,4,332,2018-08-25 16:15:43
329,2,331,2018-08-25 16:30:43
313,5,318,2018-08-25 16:45:43
250,4,254,2018-08-25 17:00:43
270,5,275,2018-08-25 17:15:42
262,5,267,2018-08-25 17:30:43
289,3,292,2018-08-25 17:45:42
250,4,254,2018-08-25 18:00:43
321,1,322,2018-08-25 18:15:43
342,2,344,2018-08-25 18:30:42
350,2,352,2018-08-25 18:45:43
304,8,312,2018-08-25 19:00:44
350,5,355,2018-08-25 19:15:43
364,1,365,2018-08-25 19:30:42
334,1,335,2018-08-25 19:45:43
311,4,315,2018-08-25 20:00:42
336,2,338,2018-08-25 20:15:43
335,6,341,2018-08-25 20:30:42
344,3,347,2018-08-25 20:45:42
346,1,347,2018-08-25 21:00:43
373,1,374,2018-08-25 21:15:42
355,0,355,2018-08-25 21:30:43
445,1,438,2018-08-25 21:45:42
337,2,339,2018-08-25 22:00:43
352,3,355,2018-08-25 22:15:42
366,2,368,2018-08-25 22:30:42
339,1,340,2018-08-25 22:45:42
347,2,349,2018-08-25 23:00:42
372,5,377,2018-08-25 23:15:42
282,2,284,2018-08-25 23:30:42
310,2,302,2018-08-25 23:45:42
247,0,247,2018-08-26 0:00:42
261,1,262,2018-08-26 0:15:42
228,2,230,2018-08-26 0:30:42
217,0,217,2018-08-26 0:45:42
177,2,179,2018-08-26 1:00:42
184,5,189,2018-08-26 1:15:42
205,1,206,2018-08-26 1:30:42
201,2,203,2018-08-26 1:45:42
189,2,191,2018-08-26 2:00:42
228,6,234,2018-08-26 2:15:42
210,4,214,2018-08-26 2:30:42
187,1,188,2018-08-26 2:45:41
167,1,168,2018-08-26 3:00:42
169,0,169,2018-08-26 3:15:42
155,2,157,2018-08-26 3:30:41
105,1,106,2018-08-26 3:45:42
119,1,120,2018-08-26 4:00:42
103,1,104,2018-08-26 4:15:42
108,2,110,2018-08-26 4:30:41
103,1,104,2018-08-26 4:45:42
107,0,107,2018-08-26 5:00:42
120,0,120,2018-08-26 5:15:41
103,0,103,2018-08-26 5:30:42
117,4,121,2018-08-26 5:45:41
95,6,96,2018-08-26 6:00:42
91,2,83,2018-08-26 6:15:41
74,3,73,2018-08-26 6:34:16
59,1,60,2018-08-26 6:45:42
53,0,53,2018-08-26 7:00:43
62,1,63,2018-08-26 7:15:43
61,0,61,2018-08-26 7:30:43
60,0,60,2018-08-26 7:45:43
68,1,69,2018-08-26 8:00:44
49,1,50,2018-08-26 8:15:43
92,1,93,2018-08-26 8:30:43
77,0,77,2018-08-26 8:45:44
59,0,59,2018-08-26 9:00:43
62,1,63,2018-08-26 9:15:42
87,1,88,2018-08-26 9:30:43
81,0,81,2018-08-26 9:45:43
70,0,70,2018-08-26 10:00:43
66,0,66,2018-08-26 10:15:43
75,0,75,2018-08-26 10:30:43
108,0,108,2018-08-26 10:45:43
82,0,78,2018-08-26 11:00:44
83,0,83,2018-08-26 11:15:42
91,0,91,2018-08-26 11:30:43
137,0,137,2018-08-26 11:45:43
119,0,119,2018-08-26 12:00:43
119,0,119,2018-08-26 12:15:43
138,1,139,2018-08-26 12:30:42
185,0,185,2018-08-26 12:45:43
151,0,151,2018-08-26 13:00:43
170,0,170,2018-08-26 13:15:42
172,1,173,2018-08-26 13:30:43
216,1,217,2018-08-26 13:45:42
239,4,243,2018-08-26 14:00:44
205,2,207,2018-08-26 14:15:43
264,2,266,2018-08-26 14:30:42
289,3,292,2018-08-26 14:45:43
243,1,244,2018-08-26 15:00:43
263,2,265,2018-08-26 15:15:43
290,2,285,2018-08-26 15:30:43
297,3,300,2018-08-26 15:45:42
288,3,291,2018-08-26 16:00:43
308,2,310,2018-08-26 16:15:42
264,6,270,2018-08-26 16:30:42
288,5,293,2018-08-26 16:45:42
225,2,227,2018-08-26 17:00:42
274,3,277,2018-08-26 17:15:43
261,2,263,2018-08-26 17:30:42
263,4,267,2018-08-26 17:45:43
256,3,259,2018-08-26 18:00:43
266,3,269,2018-08-26 18:15:42
322,0,322,2018-08-26 18:30:43
328,2,330,2018-08-26 18:45:42
311,2,313,2018-08-26 19:00:43
352,5,357,2018-08-26 19:15:42
337,0,335,2018-08-26 19:30:42
358,1,357,2018-08-26 19:45:43
348,3,351,2018-08-26 20:00:42
342,6,348,2018-08-26 20:15:42
382,5,387,2018-08-26 20:30:42
404,2,406,2018-08-26 20:45:42
339,7,346,2018-08-26 21:00:43
392,6,398,2018-08-26 21:15:42
383,1,384,2018-08-26 21:30:42
416,3,419,2018-08-26 21:45:41
347,1,348,2018-08-26 22:00:42
380,6,386,2018-08-26 22:15:42
379,3,382,2018-08-26 22:30:43
369,3,372,2018-08-26 22:45:42
345,5,350,2018-08-26 23:00:41
340,4,344,2018-08-26 23:15:42
309,2,311,2018-08-26 23:30:42
264,0,264,2018-08-26 23:45:41
268,1,269,2018-08-27 0:00:43
242,1,243,2018-08-27 0:15:41
197,2,199,2018-08-27 0:30:42
196,3,198,2018-08-27 0:45:42
200,2,202,2018-08-27 1:00:42
234,3,237,2018-08-27 1:15:42
201,1,202,2018-08-27 1:30:42
192,1,192,2018-08-27 1:45:41
191,2,186,2018-08-27 2:00:43
201,1,202,2018-08-27 2:15:42
198,0,198,2018-08-27 2:30:41
137,2,139,2018-08-27 2:45:42
139,4,143,2018-08-27 3:00:41
128,3,131,2018-08-27 3:15:42
94,3,97,2018-08-27 3:30:42
85,1,86,2018-08-27 3:45:42
66,1,67,2018-08-27 4:00:42
31,1,32,2018-08-27 4:15:41
16,0,16,2018-08-27 4:30:42
12,0,12,2018-08-27 4:45:41
11,0,11,2018-08-27 5:00:42
11,0,11,2018-08-27 5:15:41
11,0,11,2018-08-27 5:30:42
11,0,11,2018-08-27 5:45:41
10,0,10,2018-08-27 6:00:41
10,0,10,2018-08-27 6:15:41
19,0,10,2018-08-27 6:34:09
10,0,10,2018-08-27 6:45:41
21,0,21,2018-08-27 7:00:41
34,0,34,2018-08-27 7:15:43
33,0,33,2018-08-27 7:30:43
52,0,51,2018-08-27 7:45:44
49,0,49,2018-08-27 8:00:44
63,0,63,2018-08-27 8:15:43
104,0,104,2018-08-27 8:30:43
150,2,152,2018-08-27 8:45:42
144,1,145,2018-08-27 9:00:43
212,1,213,2018-08-27 9:15:42
331,4,335,2018-08-27 9:30:43
633,8,641,2018-08-27 9:45:42
548,7,555,2018-08-27 10:00:43
519,10,529,2018-08-27 10:15:42
633,17,650,2018-08-27 10:30:43
697,18,715,2018-08-27 10:45:42
538,20,558,2018-08-27 11:00:43
419,14,433,2018-08-27 11:15:43
364,13,377,2018-08-27 11:30:43
367,13,380,2018-08-27 11:45:42
292,9,301,2018-08-27 12:00:43
253,7,260,2018-08-27 12:15:42
281,9,290,2018-08-27 12:30:43
294,9,303,2018-08-27 12:45:42
273,8,281,2018-08-27 13:00:43
277,7,284,2018-08-27 13:15:42
251,6,257,2018-08-27 13:30:42
296,6,302,2018-08-27 13:45:42
303,9,312,2018-08-27 14:00:42
287,9,296,2018-08-27 14:15:42
302,10,310,2018-08-27 14:30:43
333,7,335,2018-08-27 14:45:42
285,8,293,2018-08-27 15:00:42
345,12,357,2018-08-27 15:15:43
352,12,364,2018-08-27 15:30:42
422,10,432,2018-08-27 15:45:42
375,8,383,2018-08-27 16:00:42
454,13,467,2018-08-27 16:15:42
401,11,412,2018-08-27 16:30:42
445,17,462,2018-08-27 16:45:42
375,15,390,2018-08-27 17:00:42
600,13,613,2018-08-27 17:15:42
499,5,502,2018-08-27 17:30:41
460,7,467,2018-08-27 17:45:42
382,5,387,2018-08-27 18:00:42
505,5,510,2018-08-27 18:15:42
439,3,442,2018-08-27 18:30:43
450,3,453,2018-08-27 18:45:42
430,4,434,2018-08-27 19:00:41
557,4,561,2018-08-27 19:15:42
569,5,574,2018-08-27 19:30:42
688,3,691,2018-08-27 19:45:42
618,6,624,2018-08-27 20:00:42
854,9,863,2018-08-27 20:15:42
814,12,825,2018-08-27 20:30:42
777,5,782,2018-08-27 20:45:42
691,10,701,2018-08-27 21:00:42
741,4,745,2018-08-27 21:15:42
670,4,673,2018-08-27 21:30:42
624,2,626,2018-08-27 21:45:41
585,7,592,2018-08-27 22:00:42
621,6,627,2018-08-27 22:15:41
584,0,584,2018-08-27 22:30:42
488,6,494,2018-08-27 22:45:41
495,3,498,2018-08-27 23:00:42
455,6,454,2018-08-27 23:15:41
413,4,417,2018-08-27 23:30:41
330,2,332,2018-08-27 23:45:42
302,3,305,2018-08-28 0:00:42
339,3,342,2018-08-28 0:15:41
285,2,287,2018-08-28 0:30:41
247,1,248,2018-08-28 0:45:41
255,5,260,2018-08-28 1:00:41
244,6,250,2018-08-28 1:15:41
233,7,240,2018-08-28 1:30:41
218,2,220,2018-08-28 1:45:42
214,2,216,2018-08-28 2:00:42
238,0,238,2018-08-28 2:15:42
196,2,198,2018-08-28 2:30:41
183,0,183,2018-08-28 2:45:41
167,2,169,2018-08-28 3:00:41
154,3,157,2018-08-28 3:15:41
137,0,137,2018-08-28 3:30:41
120,3,123,2018-08-28 3:45:41
101,2,103,2018-08-28 4:00:41
38,2,40,2018-08-28 4:15:41
24,1,25,2018-08-28 4:30:41
21,1,22,2018-08-28 4:45:41
21,1,22,2018-08-28 5:00:41
20,0,20,2018-08-28 5:15:41
19,0,19,2018-08-28 5:30:41
17,0,17,2018-08-28 5:45:40
17,0,17,2018-08-28 6:00:41
17,0,17,2018-08-28 6:15:41
17,0,17,2018-08-28 6:34:03
17,0,17,2018-08-28 6:45:40
28,0,25,2018-08-28 7:00:41
45,0,45,2018-08-28 7:15:42
52,0,52,2018-08-28 7:30:42
57,0,57,2018-08-28 7:45:42
50,0,50,2018-08-28 8:00:42
68,0,68,2018-08-28 8:15:42
120,0,120,2018-08-28 8:30:43
179,0,179,2018-08-28 8:45:42
135,1,136,2018-08-28 9:00:42
232,3,235,2018-08-28 9:15:42
387,3,390,2018-08-28 9:30:42
702,5,707,2018-08-28 9:45:42
613,7,620,2018-08-28 10:00:42
585,13,598,2018-08-28 10:15:42
645,20,663,2018-08-28 10:30:42
786,20,806,2018-08-28 10:45:42
630,16,646,2018-08-28 11:00:42
507,9,516,2018-08-28 11:15:42
466,10,476,2018-08-28 11:30:42
443,6,449,2018-08-28 11:45:41
303,4,307,2018-08-28 12:00:42
297,10,307,2018-08-28 12:15:42
312,8,320,2018-08-28 12:30:42
326,3,329,2018-08-28 12:45:41
294,3,297,2018-08-28 13:00:42
304,1,305,2018-08-28 13:15:41
311,3,314,2018-08-28 13:30:42
346,3,349,2018-08-28 13:45:42
269,3,272,2018-08-28 14:00:42
318,2,320,2018-08-28 14:15:41
296,4,300,2018-08-28 14:30:42
321,5,326,2018-08-28 14:45:41
338,8,346,2018-08-28 15:00:42
394,10,404,2018-08-28 15:15:41
381,9,387,2018-08-28 15:30:42
417,7,424,2018-08-28 15:45:41
393,5,398,2018-08-28 16:00:42
465,4,469,2018-08-28 16:15:41
447,7,454,2018-08-28 16:30:42
435,9,444,2018-08-28 16:45:41
401,5,406,2018-08-28 17:00:42
638,10,648,2018-08-28 17:15:41
535,9,544,2018-08-28 17:30:41
509,8,517,2018-08-28 17:45:41
439,7,446,2018-08-28 18:00:41
477,7,484,2018-08-28 18:15:41
410,6,416,2018-08-28 18:30:42
477,9,486,2018-08-28 18:45:41
458,7,465,2018-08-28 19:00:41
582,12,594,2018-08-28 19:15:41
593,8,601,2018-08-28 19:30:41
693,12,705,2018-08-28 19:45:41
673,14,687,2018-08-28 20:00:41
896,16,912,2018-08-28 20:15:41
845,14,859,2018-08-28 20:30:41
829,12,841,2018-08-28 20:45:41
769,12,781,2018-08-28 21:00:41
790,12,802,2018-08-28 21:15:41
742,11,753,2018-08-28 21:30:41
701,12,713,2018-08-28 21:45:42
641,7,648,2018-08-28 22:00:41
653,10,663,2018-08-28 22:15:41
628,9,637,2018-08-28 22:30:41
588,8,596,2018-08-28 22:45:42
532,12,544,2018-08-28 23:00:41
560,12,572,2018-08-28 23:15:41
466,9,475,2018-08-28 23:30:41
423,6,423,2018-08-28 23:45:41
355,4,359,2018-08-29 0:00:42
379,5,384,2018-08-29 0:15:41
320,4,324,2018-08-29 0:30:41
299,4,303,2018-08-29 0:45:41
245,4,249,2018-08-29 1:00:41
299,8,307,2018-08-29 1:15:41
286,7,288,2018-08-29 1:30:40
306,5,311,2018-08-29 1:45:41
279,3,282,2018-08-29 2:00:41
270,6,276,2018-08-29 2:15:41
267,6,268,2018-08-29 2:30:40
214,5,219,2018-08-29 2:45:41
178,6,184,2018-08-29 3:00:40
159,4,163,2018-08-29 3:15:42
151,5,156,2018-08-29 3:30:40
143,5,138,2018-08-29 3:45:41
147,5,152,2018-08-29 4:00:40
52,3,55,2018-08-29 4:15:42
36,3,37,2018-08-29 4:30:40
29,3,32,2018-08-29 4:45:41
28,3,31,2018-08-29 5:00:40
27,3,30,2018-08-29 5:15:41
24,3,27,2018-08-29 5:30:40
24,3,27,2018-08-29 5:45:40
33,3,26,2018-08-29 6:00:40
23,3,26,2018-08-29 6:15:41
23,3,26,2018-08-29 6:34:15
23,3,26,2018-08-29 6:45:40
31,3,34,2018-08-29 7:00:41
40,3,43,2018-08-29 7:15:42
49,3,52,2018-08-29 7:30:42
70,3,68,2018-08-29 7:45:42
57,3,60,2018-08-29 8:00:42
71,3,74,2018-08-29 8:15:42
131,5,127,2018-08-29 8:30:42
167,5,172,2018-08-29 8:45:43
158,3,161,2018-08-29 9:00:42
233,6,239,2018-08-29 9:15:42
383,5,388,2018-08-29 9:30:42
682,6,688,2018-08-29 9:45:42
627,9,636,2018-08-29 10:00:42
572,17,589,2018-08-29 10:15:42
633,24,657,2018-08-29 10:30:42
779,17,796,2018-08-29 10:45:42
600,16,616,2018-08-29 11:00:42
506,15,521,2018-08-29 11:15:42
439,12,451,2018-08-29 11:30:42
438,10,448,2018-08-29 11:45:42
338,9,347,2018-08-29 12:00:42
310,8,318,2018-08-29 12:15:42
318,8,326,2018-08-29 12:30:41
335,7,335,2018-08-29 12:45:41
289,6,288,2018-08-29 13:00:42
293,5,291,2018-08-29 13:15:41
283,4,287,2018-08-29 13:30:42
354,2,356,2018-08-29 13:45:41
310,2,312,2018-08-29 14:00:42
322,1,323,2018-08-29 14:15:42
323,2,325,2018-08-29 14:30:41
350,3,353,2018-08-29 14:45:41
309,2,311,2018-08-29 15:00:41
423,4,427,2018-08-29 15:15:42
339,6,345,2018-08-29 15:30:41
348,4,352,2018-08-29 15:45:41
376,4,380,2018-08-29 16:00:41
481,4,485,2018-08-29 16:15:41
374,7,381,2018-08-29 16:30:41
447,8,455,2018-08-29 16:45:41
363,3,366,2018-08-29 17:00:41
631,8,639,2018-08-29 17:15:42
546,8,554,2018-08-29 17:30:41
480,6,486,2018-08-29 17:45:41
374,9,383,2018-08-29 18:00:41
455,10,457,2018-08-29 18:15:41
470,7,477,2018-08-29 18:30:42
459,6,465,2018-08-29 18:45:42
420,4,424,2018-08-29 19:00:41
535,6,541,2018-08-29 19:15:41
565,4,569,2018-08-29 19:30:41
653,5,658,2018-08-29 19:45:42
647,4,646,2018-08-29 20:00:41
786,6,792,2018-08-29 20:15:41
822,15,837,2018-08-29 20:30:41
796,10,806,2018-08-29 20:45:41
759,6,765,2018-08-29 21:00:41
767,4,771,2018-08-29 21:15:40
732,7,737,2018-08-29 21:30:41
691,8,692,2018-08-29 21:45:41
601,10,611,2018-08-29 22:00:41
650,7,657,2018-08-29 22:15:41
615,5,620,2018-08-29 22:30:41
587,6,593,2018-08-29 22:45:40
510,7,517,2018-08-29 23:00:40
499,3,502,2018-08-29 23:15:40
452,3,455,2018-08-29 23:30:40
342,3,345,2018-08-29 23:45:41
298,1,299,2018-08-30 0:00:40
372,4,376,2018-08-30 0:15:40
318,5,317,2018-08-30 0:30:41
308,6,314,2018-08-30 0:45:40
254,2,256,2018-08-30 1:00:41
295,3,298,2018-08-30 1:15:41
294,5,294,2018-08-30 1:30:41
257,6,263,2018-08-30 1:45:40
241,6,247,2018-08-30 2:00:42
297,8,305,2018-08-30 2:15:41
247,8,255,2018-08-30 2:30:40
184,5,189,2018-08-30 2:45:40
188,4,183,2018-08-30 3:00:40
189,4,185,2018-08-30 3:15:40
173,3,172,2018-08-30 3:30:40
140,2,142,2018-08-30 3:45:40
152,1,153,2018-08-30 4:00:40
86,1,87,2018-08-30 4:15:40
63,1,64,2018-08-30 4:30:40
58,1,59,2018-08-30 4:45:39
53,1,54,2018-08-30 5:00:41
52,1,53,2018-08-30 5:15:39
46,1,47,2018-08-30 5:30:40
48,1,43,2018-08-30 5:45:41
41,1,42,2018-08-30 6:00:40
40,1,41,2018-08-30 6:15:39
39,1,40,2018-08-30 6:34:05
39,1,40,2018-08-30 6:45:40
38,1,39,2018-08-30 7:00:40
64,2,66,2018-08-30 7:15:42
72,1,73,2018-08-30 7:30:41
81,1,82,2018-08-30 7:45:42
86,1,87,2018-08-30 8:00:41
94,1,95,2018-08-30 8:15:42
130,2,132,2018-08-30 8:30:41
205,2,205,2018-08-30 8:45:42
186,2,188,2018-08-30 9:00:41
259,1,260,2018-08-30 9:15:42
431,3,434,2018-08-30 9:30:41
715,6,717,2018-08-30 9:45:42
654,13,667,2018-08-30 10:00:41
648,15,663,2018-08-30 10:15:42
670,13,683,2018-08-30 10:30:41
809,18,820,2018-08-30 10:45:42
631,18,644,2018-08-30 11:00:41
499,7,502,2018-08-30 11:15:42
470,3,473,2018-08-30 11:30:41
426,8,434,2018-08-30 11:45:42
344,4,348,2018-08-30 12:00:41
341,2,337,2018-08-30 12:15:41
300,4,304,2018-08-30 12:30:42
310,7,317,2018-08-30 12:45:41
268,7,275,2018-08-30 13:00:41
293,4,297,2018-08-30 13:15:41
318,2,320,2018-08-30 13:30:41
364,3,367,2018-08-30 13:45:41
308,1,309,2018-08-30 14:00:41
315,1,316,2018-08-30 14:15:41
326,4,330,2018-08-30 14:30:42
320,4,323,2018-08-30 14:45:41
334,1,335,2018-08-30 15:00:41
379,6,385,2018-08-30 15:15:41
374,2,376,2018-08-30 15:30:41
411,3,414,2018-08-30 15:45:40
372,3,375,2018-08-30 16:00:41
506,6,512,2018-08-30 16:15:40
406,8,414,2018-08-30 16:30:41
462,8,470,2018-08-30 16:45:40
393,6,399,2018-08-30 17:00:41
605,7,612,2018-08-30 17:15:40
533,6,539,2018-08-30 17:30:41
511,3,514,2018-08-30 17:45:40
447,8,455,2018-08-30 18:00:41
544,2,545,2018-08-30 18:15:40
461,6,467,2018-08-30 18:30:42
477,4,481,2018-08-30 18:45:41
448,3,451,2018-08-30 19:00:40
563,5,568,2018-08-30 19:15:41
587,6,593,2018-08-30 19:30:40
656,5,661,2018-08-30 19:45:41
609,10,619,2018-08-30 20:00:40
820,10,830,2018-08-30 20:15:41
866,7,873,2018-08-30 20:30:40
762,7,769,2018-08-30 20:45:40
714,5,719,2018-08-30 21:00:40
803,4,807,2018-08-30 21:15:41
718,5,723,2018-08-30 21:30:40
746,4,750,2018-08-30 21:45:41
639,4,643,2018-08-30 22:00:41
632,5,637,2018-08-30 22:15:40
533,3,536,2018-08-30 22:30:41
549,1,550,2018-08-30 22:45:40
481,1,482,2018-08-30 23:00:41
487,6,493,2018-08-30 23:15:40
439,6,445,2018-08-30 23:30:41
376,3,379,2018-08-30 23:45:40
300,3,303,2018-08-31 0:00:40
350,7,357,2018-08-31 0:15:40
292,2,294,2018-08-31 0:30:40
255,2,257,2018-08-31 0:45:40
225,3,228,2018-08-31 1:00:40
213,2,215,2018-08-31 1:15:41
183,0,180,2018-08-31 1:30:40
160,1,161,2018-08-31 1:45:39
134,0,134,2018-08-31 2:00:40
194,1,195,2018-08-31 2:15:40
199,4,199,2018-08-31 2:30:40
195,2,197,2018-08-31 2:45:40
169,2,166,2018-08-31 3:00:40
151,1,152,2018-08-31 3:15:40
144,4,148,2018-08-31 3:30:40
128,1,129,2018-08-31 3:45:39
131,1,132,2018-08-31 4:00:40
89,1,90,2018-08-31 4:15:39
91,1,92,2018-08-31 4:30:40
68,2,70,2018-08-31 4:45:40
78,1,79,2018-08-31 5:00:39
48,0,48,2018-08-31 5:15:40
39,0,39,2018-08-31 5:30:39
36,0,36,2018-08-31 5:45:40
25,0,25,2018-08-31 6:00:39
24,0,24,2018-08-31 6:15:40
19,0,19,2018-08-31 6:34:25
19,0,19,2018-08-31 6:45:39
25,0,21,2018-08-31 7:00:40
29,0,29,2018-08-31 7:15:41
28,1,29,2018-08-31 7:30:41
42,0,42,2018-08-31 7:45:42
26,0,26,2018-08-31 8:00:41
27,0,27,2018-08-31 8:15:41
54,1,55,2018-08-31 8:30:41
84,0,84,2018-08-31 8:45:40
82,0,82,2018-08-31 9:00:41
141,1,137,2018-08-31 9:15:41
204,2,206,2018-08-31 9:30:41
449,5,454,2018-08-31 9:45:41
157,5,162,2018-08-31 10:00:40
73,1,74,2018-08-31 10:15:41
109,3,112,2018-08-31 10:30:41
250,5,255,2018-08-31 10:45:41
303,5,306,2018-08-31 11:00:42
306,3,309,2018-08-31 11:15:41
288,6,294,2018-08-31 11:30:41
282,3,285,2018-08-31 11:45:41
126,3,129,2018-08-31 12:00:41
181,1,176,2018-08-31 12:15:41
207,1,208,2018-08-31 12:30:41
241,2,243,2018-08-31 12:45:41
212,3,215,2018-08-31 13:00:41
217,2,219,2018-08-31 13:15:41
248,2,250,2018-08-31 13:30:40
274,0,274,2018-08-31 13:45:41
226,1,227,2018-08-31 14:00:41
279,1,280,2018-08-31 14:15:41
308,1,309,2018-08-31 14:30:41
290,1,291,2018-08-31 14:45:40
313,1,314,2018-08-31 15:00:41
337,2,339,2018-08-31 15:15:41
358,2,360,2018-08-31 15:30:40
402,1,403,2018-08-31 15:45:40
366,4,370,2018-08-31 16:00:43
499,3,502,2018-08-31 16:15:40
484,7,491,2018-08-31 16:30:40
498,5,503,2018-08-31 16:45:40
508,4,512,2018-08-31 17:00:40
717,7,724,2018-08-31 17:15:40
581,4,582,2018-08-31 17:30:40
524,9,527,2018-08-31 17:45:41
457,4,461,2018-08-31 18:00:40
533,9,542,2018-08-31 18:15:40
520,12,531,2018-08-31 18:30:41
544,4,548,2018-08-31 18:45:40
483,6,489,2018-08-31 19:00:40
560,7,567,2018-08-31 19:15:40
609,6,615,2018-08-31 19:30:40
608,5,613,2018-08-31 19:45:40
559,3,562,2018-08-31 20:00:40
657,7,664,2018-08-31 20:15:39
639,11,650,2018-08-31 20:30:40
602,6,605,2018-08-31 20:45:40
569,3,572,2018-08-31 21:00:41
668,2,670,2018-08-31 21:15:40
585,6,591,2018-08-31 21:30:40
577,8,585,2018-08-31 21:45:40
522,4,526,2018-08-31 22:00:40
568,5,571,2018-08-31 22:15:40
584,2,586,2018-08-31 22:30:40
553,3,556,2018-08-31 22:45:39
502,3,505,2018-08-31 23:00:40
486,2,488,2018-08-31 23:15:40
425,4,429,2018-08-31 23:30:40
399,4,401,2018-08-31 23:45:40
355,4,359,2018-09-01 0:00:40
353,3,356,2018-09-01 0:15:39
284,6,290,2018-09-01 0:30:40
252,3,255,2018-09-01 0:45:39
252,5,257,2018-09-01 1:00:40
308,4,312,2018-09-01 1:15:40
309,2,311,2018-09-01 1:30:39
269,5,274,2018-09-01 1:45:40
